   Compiling proc-macro2 v1.0.107
   Compiling libc v0.2.180
   Compiling quote v1.0.47
   Compiling unicode-ident v1.0.22
   Compiling syn v2.0.114
   Compiling cfg-if v1.0.4
   Compiling jobserver v0.1.34
   Compiling find-msvc-tools v0.1.8
   Compiling shlex v1.3.0
   Compiling cc v1.2.53
   Compiling pkg-config v0.3.32
   Compiling once_cell v1.21.3
   Compiling bitflags v2.10.0
   Compiling synstructure v0.13.2
   Compiling version_check v0.9.5
   Compiling pin-project-lite v0.2.16
   Compiling zerofrom-derive v0.1.6
   Compiling zerocopy v0.8.33
   Compiling smallvec v1.15.1
   Compiling memchr v2.7.6
   Compiling futures-core v0.3.31
   Compiling zerofrom v0.1.6
   Compiling yoke-derive v0.8.1
   Compiling stable_deref_trait v1.2.1
   Compiling vcpkg v0.2.15
   Compiling yoke v0.8.1
   Compiling log v0.4.29
   Compiling futures-sink v0.3.31
   Compiling bytes v1.11.1
   Compiling zerovec-derive v0.11.2
   Compiling displaydoc v0.2.5
   Compiling crossbeam-utils v0.8.21
   Compiling mio v1.1.1
   Compiling zerovec v0.11.5
   Compiling errno v0.3.14
   Compiling slab v0.4.11
   Compiling itoa v1.0.17
   Compiling signal-hook-registry v1.4.8
   Compiling futures-channel v0.3.31
   Compiling tokio-macros v2.6.0
   Compiling socket2 v0.6.1
   Compiling pin-utils v0.1.0
   Compiling tokio v1.49.0
   Compiling openssl-sys v0.9.111
   Compiling ahash v0.8.12
   Compiling futures-macro v0.3.31
   Compiling rustix v1.1.3
   Compiling futures-task v0.3.31
   Compiling futures-io v0.3.31
   Compiling futures-util v0.3.31
   Compiling http v1.4.0
   Compiling tinystr v0.8.2
   Compiling linux-raw-sys v0.11.0
   Compiling litemap v0.8.1
   Compiling writeable v0.6.2
   Compiling icu_locale_core v2.1.1
   Compiling potential_utf v0.1.4
   Compiling zerotrie v0.2.3
   Compiling parking_lot_core v0.9.12
   Compiling getrandom v0.3.4
   Compiling icu_properties_data v2.1.2
   Compiling cfg_aliases v0.2.1
   Compiling icu_normalizer_data v2.1.1
   Compiling serde_core v1.0.228
   Compiling typenum v1.19.0
   Compiling equivalent v1.0.2
   Compiling hashbrown v0.16.1
   Compiling scopeguard v1.2.0
   Compiling indexmap v2.13.0
   Compiling lock_api v0.4.14
   Compiling icu_provider v2.1.1
   Compiling icu_collections v2.1.1
   Compiling hashbrown v0.14.5
   Compiling http-body v1.0.1
   Compiling generic-array v0.14.7
   Compiling tracing-core v0.1.36
   Compiling zstd-sys v2.0.16+zstd.1.5.7
   Compiling tracing-attributes v0.1.31
   Compiling foreign-types-shared v0.1.1
   Compiling httparse v1.10.1
   Compiling openssl v0.10.75
   Compiling crossbeam-epoch v0.9.20
   Compiling percent-encoding v2.3.2
   Compiling tracing v0.1.44
   Compiling foreign-types v0.3.2
   Compiling tokio-util v0.7.18
   Compiling ppv-lite86 v0.2.21
   Compiling openssl-macros v0.1.1
   Compiling try-lock v0.2.5
   Compiling ipnet v2.11.0
   Compiling fnv v1.0.7
   Compiling tower-service v0.3.3
   Compiling native-tls v0.2.14
   Compiling io-lifetimes v3.0.1
   Compiling io-lifetimes v2.0.4
   Compiling atomic-waker v1.1.2
   Compiling serde v1.0.228
   Compiling h2 v0.4.16
   Compiling want v0.3.1
   Compiling icu_normalizer v2.1.1
   Compiling icu_properties v2.1.2
   Compiling serde_derive v1.0.228
   Compiling getrandom v0.2.17
   Compiling autocfg v1.5.0
   Compiling zstd-safe v7.2.4
   Compiling io-extras v0.19.0
   Compiling rayon-core v1.13.0
   Compiling zmij v1.0.16
   Compiling crc32fast v1.5.0
   Compiling openssl-probe v0.1.6
   Compiling num-traits v0.2.19
   Compiling rand_core v0.6.4
   Compiling idna_adapter v1.2.1
   Compiling crossbeam-deque v0.8.6
   Compiling hyper v1.8.1
   Compiling form_urlencoded v1.2.2
   Compiling nix v0.30.1
   Compiling libsqlite3-sys v0.30.1
   Compiling sync_wrapper v1.0.2
   Compiling bzip2-sys v0.1.13+1.0.8
   Compiling lzma-sys v0.1.20
   Compiling thiserror v2.0.18
   Compiling serde_json v1.0.149
   Compiling tower-layer v0.3.3
   Compiling utf8_iter v1.0.4
   Compiling portable-atomic v1.13.0
   Compiling adler2 v2.0.1
   Compiling cap-primitives v4.0.3
   Compiling base64 v0.22.1
   Compiling simd-adler32 v0.3.8
   Compiling miniz_oxide v0.8.9
   Compiling hyper-util v0.1.19
   Compiling tower v0.5.3
   Compiling idna v1.1.0
   Compiling fs-set-times v0.20.3
   Compiling rand_chacha v0.3.1
   Compiling tokio-native-tls v0.3.1
   Compiling block-buffer v0.10.4
   Compiling crypto-common v0.1.7
   Compiling rand_core v0.9.5
   Compiling http-body-util v0.1.3
   Compiling rustix-linux-procfs v0.1.1
   Compiling nix v0.29.0
   Compiling aho-corasick v1.1.4
   Compiling raw-cpuid v11.6.0
   Compiling blake3 v1.8.3
   Compiling thiserror-impl v2.0.18
   Compiling filetime v0.2.27
   Compiling instant v0.1.13
   Compiling inotify-sys v0.1.5
   Compiling tinyvec_macros v0.1.1
   Compiling ryu v1.0.22
   Compiling zeroize v1.8.2
   Compiling same-file v1.0.6
   Compiling iri-string v0.7.10
   Compiling bitflags v1.3.2
   Compiling maybe-owned v0.3.4
   Compiling mini-moka v0.10.3
   Compiling ambient-authority v0.0.2
   Compiling either v1.15.0
   Compiling crc-catalog v2.4.0
   Compiling anyhow v1.0.103
   Compiling regex-syntax v0.8.8
   Compiling cap-std v4.0.3
   Compiling option-ext v0.2.0
   Compiling cpufeatures v0.2.17
   Compiling dirs-sys v0.4.1
   Compiling crc v3.4.0
   Compiling rayon v1.11.0
   Compiling regex-automata v0.4.13
   Compiling tower-http v0.6.8
   Compiling inotify v0.10.2
   Compiling walkdir v2.5.0
   Compiling rustls-pki-types v1.14.0
   Compiling serde_urlencoded v0.7.1
   Compiling tinyvec v1.13.2
   Compiling notify-types v1.0.1
   Compiling quanta v0.12.6
   Compiling hyper-tls v0.6.0
   Compiling rand_chacha v0.9.0
   Compiling digest v0.10.7
   Compiling flate2 v1.1.8
   Compiling rand v0.8.6
   Compiling zstd v0.13.3
   Compiling url v2.5.8
   Compiling dashmap v5.5.3
   Compiling dashmap v6.1.0
   Compiling parking_lot v0.12.5
   Compiling hashlink v0.9.1
   Compiling spinning_top v0.3.0
   Compiling xattr v1.6.1
   Compiling futures-executor v0.3.31
   Compiling crossbeam-channel v0.5.15
   Compiling encoding_rs v0.8.35
   Compiling arrayvec v0.7.6
   Compiling constant_time_eq v0.4.2
   Compiling byteorder v1.5.0
   Compiling triomphe v0.1.15
   Compiling zip v2.4.2
   Compiling fallible-iterator v0.3.0
   Compiling tagptr v0.2.0
   Compiling iana-time-zone v0.1.64
   Compiling no-std-compat v0.4.1
   Compiling arrayref v0.3.9
   Compiling mime v0.3.17
   Compiling fastrand v2.3.0
   Compiling fallible-streaming-iterator v0.1.9
   Compiling futures-timer v3.0.3
   Compiling nonzero_ext v0.3.0
   Compiling tempfile v3.24.0
   Compiling governor v0.7.0
   Compiling rusqlite v0.32.1
   Compiling reqwest v0.12.28
   Compiling chrono v0.4.43
   Compiling lzma-rs v0.3.0
   Compiling futures v0.3.31
   Compiling tar v0.4.45
   Compiling ctrlc v3.5.1
   Compiling bzip2 v0.5.2
   Compiling xz2 v0.1.7
   Compiling sha2 v0.10.9
   Compiling rand v0.9.3
   Compiling unicode-normalization v0.1.25
   Compiling notify v7.0.0
   Compiling regex v1.12.2
   Compiling sysinfo v0.32.1
   Compiling dirs v5.0.1
   Compiling uuid v1.19.0
   Compiling async-trait v0.1.89
   Compiling fs2 v0.4.3
   Compiling hex v0.4.3
   Compiling urlencoding v2.1.3
   Compiling deflate64 v0.1.10
   Compiling semver v1.0.27
   Compiling pumas-library v0.7.0 (/workspace/pumas-selected-reconcile-saved/rust/crates/pumas-core)
   Compiling pumas-app-manager v0.7.0 (/workspace/pumas-selected-reconcile-saved/rust/crates/pumas-app-manager)
    Finished `test` profile [unoptimized] target(s) in 3m 37s
     Running unittests src/lib.rs (/workspace/pumas-selected-reconcile-saved-target/debug/deps/pumas_app_manager-a6c29384ac95defc)

running 10 tests
test version_manager::installer::torch::torch_catalog_owner::tests::selected_runtime_abandoned_publication_job_retains_custody_through_metadata ... selected packet: {"catalog_sha256":"71416f70457fdb419b2268d01eebfee1c7fdd755d1cacc07372a819ddf7d12fe","extras":{"branch":[],"dependency":[],"torch":[]},"lock_sha256":"99f1d7d61b8de31eb9d9eb9e035022b0040a94fad3e180007c27ffc46775a791","projection_sha256":"3b685947c3c7f2d16c498ea9bdd4f8f25203323c415168282a19a0db192de571","qualified_solver":{"kind":"uv","sha256":"abdc39eab8b4ad341dca91f3823a23a343fae94bdb22ebdd9e91694415206f2f","version":"0.12.23"},"request_sha256":"5be183174fe4b76460f9566485cbc22087a3af2d7a061b41ea2b9a29ef76e7da","schema":"pumas.selected-wheel-packet.v1","selected":[{"filename":"branch-2-py3-none-any.whl","id":"6de418cf6a3fd513080abbbdcf8f9b2c8df5e4b98e250b618fa2835d5c25deb8","local":"/tmp/.tmpYHsPUn/torch-versions/.torch-catalog-fixture/6de418cf6a3fd513080abbbdcf8f9b2c8df5e4b98e250b618fa2835d5c25deb8/branch-2-py3-none-any.whl","name":"branch","repository":"pypi","requires_python_hint":null,"sha256":"029f1ca85a5816c948732bfe063352a2704dd94db518ff9c68b63ebbb77c74f1","size":853,"url":"https://files.pythonhosted.org/packages/branch-2-py3-none-any.whl","version":"2","yanked":false},{"filename":"dependency-2-py3-none-any.whl","id":"6ba023d1555c480fb9de3e9e2db995371f91a6cc818ba948fdc248d1dc3a2770","local":"/tmp/.tmpYHsPUn/torch-versions/.torch-catalog-fixture/6ba023d1555c480fb9de3e9e2db995371f91a6cc818ba948fdc248d1dc3a2770/dependency-2-py3-none-any.whl","name":"dependency","repository":"pypi","requires_python_hint":null,"sha256":"97e389e27334fa8440ee070d8cc7bde8be960ae6135085df43287092800ac97a","size":859,"url":"https://files.pythonhosted.org/packages/dependency-2-py3-none-any.whl","version":"2","yanked":false},{"filename":"torch-2.14.0+cpu-py3-none-any.whl","id":"11fda543ee47a1c523bb8fc99ae7ed3770d105068f329e98b521132a70961cb6","local":"/tmp/.tmpYHsPUn/torch-versions/.torch-catalog-fixture/11fda543ee47a1c523bb8fc99ae7ed3770d105068f329e98b521132a70961cb6/torch-2.14.0+cpu-py3-none-any.whl","name":"torch","repository":"pytorch","requires_python_hint":null,"sha256":"a2862c6865b655d271424cce519661942e0bee82eccd2ef379e3e9d0739dca94","size":1183,"url":"https://download.pytorch.org/whl/cpu/torch-2.14.0+cpu-py3-none-any.whl","version":"2.14.0+cpu","yanked":false}],"target_observation_sha256":"fb6b0bd7e3f8a39a316fb1e2c66954f2575ce871f36d3f5ad00d29e9594a5647"}
selected lifecycle control AbandonPublication: actual_probe=true catalog_receipt_unchanged=true publication_custody_checked=true
catalog control Lifecycle(AbandonPublication): requests=5 complete=true publication_controlled=true cleanup_drained=true
ok
test version_manager::installer::torch::torch_catalog_owner::tests::selected_runtime_actual_probe_failure_never_publishes ... selected packet: {"catalog_sha256":"3991c1065d71ea79b25be068be1ac5228758ae67b587fac32f268ec28f088311","extras":{"branch":[],"dependency":[],"torch":[]},"lock_sha256":"83517b3f596f6ef149f123bb15fce750a60604376d14dc7e515d4e5af45e7841","projection_sha256":"1a0a113de795799c39773a91aa1228c57d4567e85022246323dfef91a66798df","qualified_solver":{"kind":"uv","sha256":"abdc39eab8b4ad341dca91f3823a23a343fae94bdb22ebdd9e91694415206f2f","version":"0.12.23"},"request_sha256":"258a91dc3a7b1388538c7c0ddefd9b228fa7dfc7fbcc15c4bf02188e1593a941","schema":"pumas.selected-wheel-packet.v1","selected":[{"filename":"branch-2-py3-none-any.whl","id":"5af40db70346c5ace9f517929ec09e66cffafc3c50bf894059c3df5ecd1e596a","local":"/tmp/.tmpySIJOc/torch-versions/.torch-catalog-fixture/5af40db70346c5ace9f517929ec09e66cffafc3c50bf894059c3df5ecd1e596a/branch-2-py3-none-any.whl","name":"branch","repository":"pypi","requires_python_hint":null,"sha256":"404b2c2bf1052c5d5ef4274df4642e7e53b7aedbf09ae79cae94a73725abbb71","size":853,"url":"https://files.pythonhosted.org/packages/branch-2-py3-none-any.whl","version":"2","yanked":false},{"filename":"dependency-2-py3-none-any.whl","id":"644a25b8a18941197c66e9c71179040fa9fdbdd90b175ba23837d9531af33917","local":"/tmp/.tmpySIJOc/torch-versions/.torch-catalog-fixture/644a25b8a18941197c66e9c71179040fa9fdbdd90b175ba23837d9531af33917/dependency-2-py3-none-any.whl","name":"dependency","repository":"pypi","requires_python_hint":null,"sha256":"bb69d60a69dcbce64e33b073076d104304f78a6d67403803b7f14e7697c535df","size":859,"url":"https://files.pythonhosted.org/packages/dependency-2-py3-none-any.whl","version":"2","yanked":false},{"filename":"torch-2.14.0+cpu-py3-none-any.whl","id":"3b65a12d64f011bd2fdaf3917bfbb761d20dbce3193b77214e5f32b538110496","local":"/tmp/.tmpySIJOc/torch-versions/.torch-catalog-fixture/3b65a12d64f011bd2fdaf3917bfbb761d20dbce3193b77214e5f32b538110496/torch-2.14.0+cpu-py3-none-any.whl","name":"torch","repository":"pytorch","requires_python_hint":null,"sha256":"9cb3bb17f0043ef89b6e7445c32c13eccfb6dfdb9b49b1d0494e4c8620ad42f5","size":1187,"url":"https://download.pytorch.org/whl/cpu/torch-2.14.0+cpu-py3-none-any.whl","version":"2.14.0+cpu","yanked":false}],"target_observation_sha256":"bf3438aa03e0477102b535f60e361dcace28282d7e2e11a2d79cfbe72e339fec"}
selected lifecycle control FailedProbe: actual_probe=true catalog_receipt_unchanged=true publication_custody_checked=true
catalog control Lifecycle(FailedProbe): requests=5 complete=true publication_controlled=true cleanup_drained=true
ok
test version_manager::installer::torch::torch_catalog_owner::tests::selected_runtime_cancelled_and_abandoned_probe_keep_custody_until_drain ... selected packet: {"catalog_sha256":"10e55315a569a8f68d26fc405a52307350e59b54e0dc2e5d43574df98239830b","extras":{"branch":[],"dependency":[],"torch":[]},"lock_sha256":"58e86f0b270b0455c87daa8a7815f65acbc60017d29f8cd38394e5f53da3d53d","projection_sha256":"1153f0b106440cb8c0db5983b194647fc7e10410eb4195a5dcf593d0fe94b4dd","qualified_solver":{"kind":"uv","sha256":"abdc39eab8b4ad341dca91f3823a23a343fae94bdb22ebdd9e91694415206f2f","version":"0.12.23"},"request_sha256":"4294b07c56252cb71afede7f9421dc1d29d32479478b0059e70b497123246bbc","schema":"pumas.selected-wheel-packet.v1","selected":[{"filename":"branch-2-py3-none-any.whl","id":"d95eeb37a56a7af6a70784af22f663f140a4285b7cd82d6c2cf55f451096dff1","local":"/tmp/.tmpGEpa7Y/torch-versions/.torch-catalog-fixture/d95eeb37a56a7af6a70784af22f663f140a4285b7cd82d6c2cf55f451096dff1/branch-2-py3-none-any.whl","name":"branch","repository":"pypi","requires_python_hint":null,"sha256":"6ab0c874ac4c3020429a40bb436d919c4b4f5ba03e36fcecd206e715eeaaba32","size":853,"url":"https://files.pythonhosted.org/packages/branch-2-py3-none-any.whl","version":"2","yanked":false},{"filename":"dependency-2-py3-none-any.whl","id":"f7d1769a0d2a0df140bcc94aa98367f558dbc81e47e23b8b1ef78c828fa1692d","local":"/tmp/.tmpGEpa7Y/torch-versions/.torch-catalog-fixture/f7d1769a0d2a0df140bcc94aa98367f558dbc81e47e23b8b1ef78c828fa1692d/dependency-2-py3-none-any.whl","name":"dependency","repository":"pypi","requires_python_hint":null,"sha256":"03158f5405de5a77f25b6145c470b9b72cdf817dced0a5a7a5fb068c562b5244","size":859,"url":"https://files.pythonhosted.org/packages/dependency-2-py3-none-any.whl","version":"2","yanked":false},{"filename":"torch-2.14.0+cpu-py3-none-any.whl","id":"95a090ba691a84fb1710a9f4c12f205f0dfb687ba2f64fe957adc7c996718746","local":"/tmp/.tmpGEpa7Y/torch-versions/.torch-catalog-fixture/95a090ba691a84fb1710a9f4c12f205f0dfb687ba2f64fe957adc7c996718746/torch-2.14.0+cpu-py3-none-any.whl","name":"torch","repository":"pytorch","requires_python_hint":null,"sha256":"fc49f11e540d4ed44084518384a81cf6b25545d4da7d0326aef4cc30d07df72c","size":1183,"url":"https://download.pytorch.org/whl/cpu/torch-2.14.0+cpu-py3-none-any.whl","version":"2.14.0+cpu","yanked":false}],"target_observation_sha256":"123d919a49dc1314bb9437e5cd5f6c9bead21bacdd7a901ab206a378f6ae051c"}
selected lifecycle control Cancel: actual_probe=true catalog_receipt_unchanged=true publication_custody_checked=true
catalog control Lifecycle(Cancel): requests=5 complete=true publication_controlled=true cleanup_drained=true
selected packet: {"catalog_sha256":"462c8cbb1839011c9fca77c87196eda36640510c2050f756b4c0cd10a092afda","extras":{"branch":[],"dependency":[],"torch":[]},"lock_sha256":"23656b421cb69ce73d0261fdfb60d77382736e1aaa62946584630403d794ec40","projection_sha256":"d073efbf637b1759862170e32108cc1ba497070b31aa0d9e0e2205e21c427e1d","qualified_solver":{"kind":"uv","sha256":"abdc39eab8b4ad341dca91f3823a23a343fae94bdb22ebdd9e91694415206f2f","version":"0.12.23"},"request_sha256":"c90800ed808d4bdd01b65f434371cabc1534bfaa5aaf214baa4de06a8cb1b8f0","schema":"pumas.selected-wheel-packet.v1","selected":[{"filename":"branch-2-py3-none-any.whl","id":"223bf7c17481a3192917061eafa2f6ca0177881e5f353804743119d86be28ba3","local":"/tmp/.tmpFBi1GV/torch-versions/.torch-catalog-fixture/223bf7c17481a3192917061eafa2f6ca0177881e5f353804743119d86be28ba3/branch-2-py3-none-any.whl","name":"branch","repository":"pypi","requires_python_hint":null,"sha256":"cd92920b9334c96855e3c48a60a5e198e014ee0892567cee5dc32fa4dc86089f","size":853,"url":"https://files.pythonhosted.org/packages/branch-2-py3-none-any.whl","version":"2","yanked":false},{"filename":"dependency-2-py3-none-any.whl","id":"8d81c940a68c2566a36f4386f786886040fa492cf61d214a475a47d4df5275db","local":"/tmp/.tmpFBi1GV/torch-versions/.torch-catalog-fixture/8d81c940a68c2566a36f4386f786886040fa492cf61d214a475a47d4df5275db/dependency-2-py3-none-any.whl","name":"dependency","repository":"pypi","requires_python_hint":null,"sha256":"2427f896cdb40c7c728ab3c534ef60e817ef20e0fbd8a9bcabc6e6bd69b172fb","size":859,"url":"https://files.pythonhosted.org/packages/dependency-2-py3-none-any.whl","version":"2","yanked":false},{"filename":"torch-2.14.0+cpu-py3-none-any.whl","id":"2779f32aa3e5d86c8496c7ab5810a7e083f0ed21a9b4f1014e14484f3bec4ce6","local":"/tmp/.tmpFBi1GV/torch-versions/.torch-catalog-fixture/2779f32aa3e5d86c8496c7ab5810a7e083f0ed21a9b4f1014e14484f3bec4ce6/torch-2.14.0+cpu-py3-none-any.whl","name":"torch","repository":"pytorch","requires_python_hint":null,"sha256":"166c5ef18c4c5656bc0a6daf7185f18a978e84967bf26a3ee223de1a46d59023","size":1183,"url":"https://download.pytorch.org/whl/cpu/torch-2.14.0+cpu-py3-none-any.whl","version":"2.14.0+cpu","yanked":false}],"target_observation_sha256":"96b402fb881db6b10c65b2427af473d039db4bc7a2b6d6776f1683fc320e84bd"}
selected lifecycle control Abandon: actual_probe=true catalog_receipt_unchanged=true publication_custody_checked=true
catalog control Lifecycle(Abandon): requests=5 complete=true publication_controlled=true cleanup_drained=true
ok
test version_manager::installer::torch::torch_catalog_owner::tests::selected_runtime_owned_fixture_publishes_actual_probe_and_bound_record ... selected packet: {"catalog_sha256":"aac5c1c767db1be89180427a2bf502b2e95653c495a1d4ed2d9657b12630b930","extras":{"branch":[],"dependency":[],"torch":[]},"lock_sha256":"883f36e80a684ee2ce0e3a55e9d0a6d1d4d8bdaea3136781dda02a02eda59544","projection_sha256":"2d6b41b53f400e0d899bfce892f2f948d7f1d04a8d3f4ae0211d1b9a864faec0","qualified_solver":{"kind":"uv","sha256":"abdc39eab8b4ad341dca91f3823a23a343fae94bdb22ebdd9e91694415206f2f","version":"0.12.23"},"request_sha256":"6bafb6386b23746bf5173fabdc8dddb9d0f78ee6c3afd122bb0829b05131bcaa","schema":"pumas.selected-wheel-packet.v1","selected":[{"filename":"branch-2-py3-none-any.whl","id":"4473807abd3d7df763b085808f517b9b6ba96abf595cafbf9c88a11de54bbd03","local":"/tmp/.tmpkjezz7/torch-versions/.torch-catalog-fixture/4473807abd3d7df763b085808f517b9b6ba96abf595cafbf9c88a11de54bbd03/branch-2-py3-none-any.whl","name":"branch","repository":"pypi","requires_python_hint":null,"sha256":"6e8f5022fcf76039f7fdf063161dd02cf78e5d6980efc1c994ef5a5dcde3689a","size":853,"url":"https://files.pythonhosted.org/packages/branch-2-py3-none-any.whl","version":"2","yanked":false},{"filename":"dependency-2-py3-none-any.whl","id":"d2da00f1399299ce1178da7b62a8817aefb658d9985cce698b42952e05a8ebf8","local":"/tmp/.tmpkjezz7/torch-versions/.torch-catalog-fixture/d2da00f1399299ce1178da7b62a8817aefb658d9985cce698b42952e05a8ebf8/dependency-2-py3-none-any.whl","name":"dependency","repository":"pypi","requires_python_hint":null,"sha256":"7f77867e5d78e465e6511a80226b1bca20944161b1964381f30b64e096b7839d","size":859,"url":"https://files.pythonhosted.org/packages/dependency-2-py3-none-any.whl","version":"2","yanked":false},{"filename":"torch-2.14.0+cpu-py3-none-any.whl","id":"b4c4491ba603c5a17a75613cf76d2675a43085432b6920e2829ee1d557a69c9c","local":"/tmp/.tmpkjezz7/torch-versions/.torch-catalog-fixture/b4c4491ba603c5a17a75613cf76d2675a43085432b6920e2829ee1d557a69c9c/torch-2.14.0+cpu-py3-none-any.whl","name":"torch","repository":"pytorch","requires_python_hint":null,"sha256":"153d3d756b8c6e9e4ca0ac8eb547a8427f1431455e2b0b185952bdffcce90d4a","size":1183,"url":"https://download.pytorch.org/whl/cpu/torch-2.14.0+cpu-py3-none-any.whl","version":"2.14.0+cpu","yanked":false}],"target_observation_sha256":"a3f1d5e25c01f28056ac91abfbba686e7b12dfc478742805861ddb9fd7772f81"}
selected lifecycle control Success: actual_probe=true catalog_receipt_unchanged=true publication_custody_checked=true
catalog control Lifecycle(Success): requests=5 complete=true publication_controlled=true cleanup_drained=true
ok
test version_manager::installer::torch::torch_catalog_owner::tests::selected_runtime_post_probe_mutations_refuse_publication ... selected packet: {"catalog_sha256":"ae1c5038cd042afa181d99fb87f85ac2408e2df668d4490c329ce8d8f191affa","extras":{"branch":[],"dependency":[],"torch":[]},"lock_sha256":"805069791f2a18c9a032783aba40a8d11959c8370d99a963ce4a9fc7e929fef3","projection_sha256":"fd9904f6f2df6c8b5a86821b77920b1395d5ba6b2cca9f89b23598cf7007e3f3","qualified_solver":{"kind":"uv","sha256":"abdc39eab8b4ad341dca91f3823a23a343fae94bdb22ebdd9e91694415206f2f","version":"0.12.23"},"request_sha256":"5a230a5e36962c965f2c99d1b094b711786e77cd8b11da38014c6bfa743f1e78","schema":"pumas.selected-wheel-packet.v1","selected":[{"filename":"branch-2-py3-none-any.whl","id":"010fd0130f6659c3f66654a429e5fbbd60810f59549ae53f7dd977835aa27a00","local":"/tmp/.tmpgtsSzj/torch-versions/.torch-catalog-fixture/010fd0130f6659c3f66654a429e5fbbd60810f59549ae53f7dd977835aa27a00/branch-2-py3-none-any.whl","name":"branch","repository":"pypi","requires_python_hint":null,"sha256":"05ad2ad8394f999ba3bf72ab9b3998a60b017a14e39025da2f7018cd2447cde9","size":853,"url":"https://files.pythonhosted.org/packages/branch-2-py3-none-any.whl","version":"2","yanked":false},{"filename":"dependency-2-py3-none-any.whl","id":"454046b2c529a524527e4e651017d5c17b9d0402ef800826d3d25dde840cb5b2","local":"/tmp/.tmpgtsSzj/torch-versions/.torch-catalog-fixture/454046b2c529a524527e4e651017d5c17b9d0402ef800826d3d25dde840cb5b2/dependency-2-py3-none-any.whl","name":"dependency","repository":"pypi","requires_python_hint":null,"sha256":"21538371cc9be7903b09f9d464df53d733cc025a7de3928b8ab18c92eaa9dfb2","size":859,"url":"https://files.pythonhosted.org/packages/dependency-2-py3-none-any.whl","version":"2","yanked":false},{"filename":"torch-2.14.0+cpu-py3-none-any.whl","id":"c1c2c154798098724f95d2f8927abb95e004aba10aaf784c9876c093c2129d6b","local":"/tmp/.tmpgtsSzj/torch-versions/.torch-catalog-fixture/c1c2c154798098724f95d2f8927abb95e004aba10aaf784c9876c093c2129d6b/torch-2.14.0+cpu-py3-none-any.whl","name":"torch","repository":"pytorch","requires_python_hint":null,"sha256":"66181a1c9fe7f94459deda9253443b4382112e4f4ab637322bd97f6b7da8baef","size":1183,"url":"https://download.pytorch.org/whl/cpu/torch-2.14.0+cpu-py3-none-any.whl","version":"2.14.0+cpu","yanked":false}],"target_observation_sha256":"38535a0680cc9b5f314b56ef5a722d75bcd25a2fe63ed6194b5b2779286ad95e"}
selected lifecycle control Mutation("member"): actual_probe=true catalog_receipt_unchanged=true publication_custody_checked=true
catalog control Lifecycle(Mutation("member")): requests=5 complete=true publication_controlled=true cleanup_drained=true
selected packet: {"catalog_sha256":"e5834a4f94e3b9a33016b0c0e4193e25bd2e2f47421c06eeec67fb15d9648848","extras":{"branch":[],"dependency":[],"torch":[]},"lock_sha256":"dc915dd1ec43e5bfccb1a3f86734ef0f81631962d39eb13d06d16abe6ae5e161","projection_sha256":"d9220fb28989f21e3df24d45b45146ca84ccc014737e900a8e13c51c06a1f952","qualified_solver":{"kind":"uv","sha256":"abdc39eab8b4ad341dca91f3823a23a343fae94bdb22ebdd9e91694415206f2f","version":"0.12.23"},"request_sha256":"867172c56a37f41e38f433616e13cbc0b23c0b305ef04048d1113a65d094f0da","schema":"pumas.selected-wheel-packet.v1","selected":[{"filename":"branch-2-py3-none-any.whl","id":"7aff87963d8a786a754216b5143032fd0565b425ec14eec2311932d1a830ee97","local":"/tmp/.tmpoazYwp/torch-versions/.torch-catalog-fixture/7aff87963d8a786a754216b5143032fd0565b425ec14eec2311932d1a830ee97/branch-2-py3-none-any.whl","name":"branch","repository":"pypi","requires_python_hint":null,"sha256":"4eee63f2641047e6fae0750dc1b0140650bfb7569839167c3a0f4375a0cfebe0","size":853,"url":"https://files.pythonhosted.org/packages/branch-2-py3-none-any.whl","version":"2","yanked":false},{"filename":"dependency-2-py3-none-any.whl","id":"664bc5558b001ff1ffa4ad03ad16bad61d975b792c1a915b81f89c6c4669c59d","local":"/tmp/.tmpoazYwp/torch-versions/.torch-catalog-fixture/664bc5558b001ff1ffa4ad03ad16bad61d975b792c1a915b81f89c6c4669c59d/dependency-2-py3-none-any.whl","name":"dependency","repository":"pypi","requires_python_hint":null,"sha256":"f36cad5b1e05da52e46d017c03f6497bd0702b6bf4932c013ea7202a743a2875","size":859,"url":"https://files.pythonhosted.org/packages/dependency-2-py3-none-any.whl","version":"2","yanked":false},{"filename":"torch-2.14.0+cpu-py3-none-any.whl","id":"046e6e2e96145a1b637991a36aed9171c8a3d5741655fe35e4a70dbba83a54d0","local":"/tmp/.tmpoazYwp/torch-versions/.torch-catalog-fixture/046e6e2e96145a1b637991a36aed9171c8a3d5741655fe35e4a70dbba83a54d0/torch-2.14.0+cpu-py3-none-any.whl","name":"torch","repository":"pytorch","requires_python_hint":null,"sha256":"564b73c4d645127e2219fabe5dc06f774aebb5c7a99a9f713d08768ec2b55ece","size":1183,"url":"https://download.pytorch.org/whl/cpu/torch-2.14.0+cpu-py3-none-any.whl","version":"2.14.0+cpu","yanked":false}],"target_observation_sha256":"1ef817ed8a92b0b72f6c1f61faeddb2055fc4075c843cd5e70980dc761015e53"}
selected lifecycle control Mutation("record"): actual_probe=true catalog_receipt_unchanged=true publication_custody_checked=true
catalog control Lifecycle(Mutation("record")): requests=5 complete=true publication_controlled=true cleanup_drained=true
selected packet: {"catalog_sha256":"14c6f2d288d2d8177af6d01de5fc2619885b971c966bc3d1bb006a6f6ef06352","extras":{"branch":[],"dependency":[],"torch":[]},"lock_sha256":"2c5a783b545d95ac14be71d4fa1d32977505b88f87bfa60b49ee6bcdb00494e9","projection_sha256":"c0919d673cb2c768210c50d12ec499a7fbb90c33529b6d3a5ce05df1fd966791","qualified_solver":{"kind":"uv","sha256":"abdc39eab8b4ad341dca91f3823a23a343fae94bdb22ebdd9e91694415206f2f","version":"0.12.23"},"request_sha256":"bb38bc70e702a380487b3dd1a1a0e1622932050821d87f61a6296978f482f72f","schema":"pumas.selected-wheel-packet.v1","selected":[{"filename":"branch-2-py3-none-any.whl","id":"889eeb6f20aee686c800cc1ba80edcdb8a624b24d393f7ce3a1dea392c687e45","local":"/tmp/.tmpKeG3Md/torch-versions/.torch-catalog-fixture/889eeb6f20aee686c800cc1ba80edcdb8a624b24d393f7ce3a1dea392c687e45/branch-2-py3-none-any.whl","name":"branch","repository":"pypi","requires_python_hint":null,"sha256":"dc7385f5b5fca6cf41e05fe03d20db62d3d34f4105c2f46bd1f09af56a4bbc6a","size":853,"url":"https://files.pythonhosted.org/packages/branch-2-py3-none-any.whl","version":"2","yanked":false},{"filename":"dependency-2-py3-none-any.whl","id":"1df57bd4f5457060a92a615a3eee39b06d9952720dd7115c136616db1ce41a0c","local":"/tmp/.tmpKeG3Md/torch-versions/.torch-catalog-fixture/1df57bd4f5457060a92a615a3eee39b06d9952720dd7115c136616db1ce41a0c/dependency-2-py3-none-any.whl","name":"dependency","repository":"pypi","requires_python_hint":null,"sha256":"56e5f9505cbd22126bd23444c80952412d5a66884666c06213544913a29a322e","size":859,"url":"https://files.pythonhosted.org/packages/dependency-2-py3-none-any.whl","version":"2","yanked":false},{"filename":"torch-2.14.0+cpu-py3-none-any.whl","id":"59ea7114e1d9b303eed07eee65bfbcb8024e1a74609cfc8f732156f7a0cb34b8","local":"/tmp/.tmpKeG3Md/torch-versions/.torch-catalog-fixture/59ea7114e1d9b303eed07eee65bfbcb8024e1a74609cfc8f732156f7a0cb34b8/torch-2.14.0+cpu-py3-none-any.whl","name":"torch","repository":"pytorch","requires_python_hint":null,"sha256":"220908bbb7e877bccac1d6620e866fd09d393c70c34b6bd01819a2e55bc4dc23","size":1183,"url":"https://download.pytorch.org/whl/cpu/torch-2.14.0+cpu-py3-none-any.whl","version":"2.14.0+cpu","yanked":false}],"target_observation_sha256":"fb7af3ec7e01ef9d497eeb6860f25ca4823c9645c0dbd8c7a2c2c5af5982babe"}
selected lifecycle control Mutation("provider"): actual_probe=true catalog_receipt_unchanged=true publication_custody_checked=true
catalog control Lifecycle(Mutation("provider")): requests=5 complete=true publication_controlled=true cleanup_drained=true
selected packet: {"catalog_sha256":"4f4386f337fe53a95bbe6d3d220a1238017c4f6f265f70b33c8da5e0f864710a","extras":{"branch":[],"dependency":[],"torch":[]},"lock_sha256":"9557fc8f2fd195221368a9ec69b09ea119e942697b0913a6ef6dd94981e9133e","projection_sha256":"7814051d2f454a50bb34d3ca4c6f7b4f99f44f660e9ba3203ea9fd8b95427e65","qualified_solver":{"kind":"uv","sha256":"abdc39eab8b4ad341dca91f3823a23a343fae94bdb22ebdd9e91694415206f2f","version":"0.12.23"},"request_sha256":"71bd914e85dc6e3bdece7a6d06712656ac57d65861f69e47af6eea8ad5d59d4c","schema":"pumas.selected-wheel-packet.v1","selected":[{"filename":"branch-2-py3-none-any.whl","id":"db5d0d247a14df8d8582ddfbcaa750335b056d0698b2888981d7348d53d3062c","local":"/tmp/.tmpTNwy5R/torch-versions/.torch-catalog-fixture/db5d0d247a14df8d8582ddfbcaa750335b056d0698b2888981d7348d53d3062c/branch-2-py3-none-any.whl","name":"branch","repository":"pypi","requires_python_hint":null,"sha256":"b01fef1b7d9a07d266182ba86d8e7ef7c34df1f78129e2171c49bf30c1b60ea6","size":853,"url":"https://files.pythonhosted.org/packages/branch-2-py3-none-any.whl","version":"2","yanked":false},{"filename":"dependency-2-py3-none-any.whl","id":"f9ebe3b65a8d56b641972895b7e028904deec9aa16f42dd5cdff4f972c21cd74","local":"/tmp/.tmpTNwy5R/torch-versions/.torch-catalog-fixture/f9ebe3b65a8d56b641972895b7e028904deec9aa16f42dd5cdff4f972c21cd74/dependency-2-py3-none-any.whl","name":"dependency","repository":"pypi","requires_python_hint":null,"sha256":"1adc40971a05a9694c5957f3f57cbdb2fc31d0db63c09c8b8a61755305a3ad5e","size":859,"url":"https://files.pythonhosted.org/packages/dependency-2-py3-none-any.whl","version":"2","yanked":false},{"filename":"torch-2.14.0+cpu-py3-none-any.whl","id":"286ae07756b1f3e9e2321b4d609180b1a7191510a34e6d203a9b7abbce480eec","local":"/tmp/.tmpTNwy5R/torch-versions/.torch-catalog-fixture/286ae07756b1f3e9e2321b4d609180b1a7191510a34e6d203a9b7abbce480eec/torch-2.14.0+cpu-py3-none-any.whl","name":"torch","repository":"pytorch","requires_python_hint":null,"sha256":"40011a748d85e26f063fe0335ea7ebdb7ef85964cb4e205da20d89551a472dfd","size":1183,"url":"https://download.pytorch.org/whl/cpu/torch-2.14.0+cpu-py3-none-any.whl","version":"2.14.0+cpu","yanked":false}],"target_observation_sha256":"b7a72f8e882a2698a22d32984412d0535292dccbced35e1bac479da40f4463e7"}
selected lifecycle control Mutation("executable"): actual_probe=true catalog_receipt_unchanged=true publication_custody_checked=true
catalog control Lifecycle(Mutation("executable")): requests=5 complete=true publication_controlled=true cleanup_drained=true
selected packet: {"catalog_sha256":"d9a619461d4886e3326837f0c924fa5da8ef278eea637a6efaf7d971add3e187","extras":{"branch":[],"dependency":[],"torch":[]},"lock_sha256":"207ffa43dcd1e9317eae19560b04c52df6775730fb830527d07556032777976d","projection_sha256":"994d31f87c4d34f46c2c68fc447d1b3bd94857fd887752bc9871d0878e661699","qualified_solver":{"kind":"uv","sha256":"abdc39eab8b4ad341dca91f3823a23a343fae94bdb22ebdd9e91694415206f2f","version":"0.12.23"},"request_sha256":"36dc9b29ae8c0285609a1589dccc81a3533cdf73ad40185a24dc549d7e34d400","schema":"pumas.selected-wheel-packet.v1","selected":[{"filename":"branch-2-py3-none-any.whl","id":"925003c9f53b10a3c869b8e2e4035104953c4880ee0cd2d62681666b97529c7b","local":"/tmp/.tmpUJSlWb/torch-versions/.torch-catalog-fixture/925003c9f53b10a3c869b8e2e4035104953c4880ee0cd2d62681666b97529c7b/branch-2-py3-none-any.whl","name":"branch","repository":"pypi","requires_python_hint":null,"sha256":"ca87a360ae5ae2b7fe42ede1abd4a04b91d1b2860a3c723be52298a940c0ef4e","size":853,"url":"https://files.pythonhosted.org/packages/branch-2-py3-none-any.whl","version":"2","yanked":false},{"filename":"dependency-2-py3-none-any.whl","id":"7a3f4c4e2d7451eb9e3b8fbd99b225a652fcaa29f1f768efeda14f29423ffc85","local":"/tmp/.tmpUJSlWb/torch-versions/.torch-catalog-fixture/7a3f4c4e2d7451eb9e3b8fbd99b225a652fcaa29f1f768efeda14f29423ffc85/dependency-2-py3-none-any.whl","name":"dependency","repository":"pypi","requires_python_hint":null,"sha256":"4a49f642b24b529329beb225279a53639155a9931ff7cd7ea4307b79f8b2959f","size":859,"url":"https://files.pythonhosted.org/packages/dependency-2-py3-none-any.whl","version":"2","yanked":false},{"filename":"torch-2.14.0+cpu-py3-none-any.whl","id":"7db97af72f059dec55d83f6b565ebe1f02a91fd2cc20bd8df92484b13929d1bf","local":"/tmp/.tmpUJSlWb/torch-versions/.torch-catalog-fixture/7db97af72f059dec55d83f6b565ebe1f02a91fd2cc20bd8df92484b13929d1bf/torch-2.14.0+cpu-py3-none-any.whl","name":"torch","repository":"pytorch","requires_python_hint":null,"sha256":"1929e9b4bd38cdc2fa7db34c19fad3725d41b5d61a1dc001b0db6de16bbbdf76","size":1183,"url":"https://download.pytorch.org/whl/cpu/torch-2.14.0+cpu-py3-none-any.whl","version":"2.14.0+cpu","yanked":false}],"target_observation_sha256":"cded91044a195a21d5a07cbf0e3d47a4302259b13064a95daf5d3b4d8bc2e978"}
selected lifecycle control Mutation("producer"): actual_probe=true catalog_receipt_unchanged=true publication_custody_checked=true
catalog control Lifecycle(Mutation("producer")): requests=5 complete=true publication_controlled=true cleanup_drained=true
selected packet: {"catalog_sha256":"76ec23ff1aef8513787d3d4d89b2930b056939b66cabaa5e3b85671c76350d66","extras":{"branch":[],"dependency":[],"torch":[]},"lock_sha256":"ebed0f5c020069a00f1a13243cc1b26b6b379c671d54a61992b79ad16e9c378e","projection_sha256":"78abd57e7ac3e3a1f3a6d0b4b3adebc5322b5a853c887d1a302d9a8e59a33d1b","qualified_solver":{"kind":"uv","sha256":"abdc39eab8b4ad341dca91f3823a23a343fae94bdb22ebdd9e91694415206f2f","version":"0.12.23"},"request_sha256":"98157a924f959a44e6596d1a185d2cd9a9d7f85282bece3078a44ee4ca06dd18","schema":"pumas.selected-wheel-packet.v1","selected":[{"filename":"branch-2-py3-none-any.whl","id":"11131d9c62449bfcede43c2bb9bcf474c8a5cbaba67ecb3b81c9c25038975b3f","local":"/tmp/.tmpBNFCRV/torch-versions/.torch-catalog-fixture/11131d9c62449bfcede43c2bb9bcf474c8a5cbaba67ecb3b81c9c25038975b3f/branch-2-py3-none-any.whl","name":"branch","repository":"pypi","requires_python_hint":null,"sha256":"6cb217cbaa13c758cd7cbbc42eb060769909328d94cf44ba6c6e9b6734577f7d","size":853,"url":"https://files.pythonhosted.org/packages/branch-2-py3-none-any.whl","version":"2","yanked":false},{"filename":"dependency-2-py3-none-any.whl","id":"08ea5ffaefb231cf0cb372309e31cbb1301a77f7dd28226c40024a5d677f7ac9","local":"/tmp/.tmpBNFCRV/torch-versions/.torch-catalog-fixture/08ea5ffaefb231cf0cb372309e31cbb1301a77f7dd28226c40024a5d677f7ac9/dependency-2-py3-none-any.whl","name":"dependency","repository":"pypi","requires_python_hint":null,"sha256":"087a17599055c2f80671fa1f4c111275a791a5e960c07760908dc87022c31c14","size":859,"url":"https://files.pythonhosted.org/packages/dependency-2-py3-none-any.whl","version":"2","yanked":false},{"filename":"torch-2.14.0+cpu-py3-none-any.whl","id":"80531fcc90712996ab35936146027a6b8f44c0e5283043de7c56ec72c675b912","local":"/tmp/.tmpBNFCRV/torch-versions/.torch-catalog-fixture/80531fcc90712996ab35936146027a6b8f44c0e5283043de7c56ec72c675b912/torch-2.14.0+cpu-py3-none-any.whl","name":"torch","repository":"pytorch","requires_python_hint":null,"sha256":"df85c795052dbb6519396d74b4e19b11417306b03f9cf7124ea5d3bae0612153","size":1183,"url":"https://download.pytorch.org/whl/cpu/torch-2.14.0+cpu-py3-none-any.whl","version":"2.14.0+cpu","yanked":false}],"target_observation_sha256":"23743984d2385217e7d527b2455953cb9754d4ef16aee2e15dc911d35b04ffbf"}
selected lifecycle control Mutation("target"): actual_probe=true catalog_receipt_unchanged=true publication_custody_checked=true
catalog control Lifecycle(Mutation("target")): requests=5 complete=true publication_controlled=true cleanup_drained=true
selected packet: {"catalog_sha256":"73bb201a5f67ee539efdf50be3aaead3235e9c0fd2e3a188a72408eadc33a763","extras":{"branch":[],"dependency":[],"torch":[]},"lock_sha256":"50b03b0c77ff6fb15e7a83924e0ac7b17468ccc2335db2941e606ee9cf2e0830","projection_sha256":"96137a2d24616e751ed6f8134c4982c72da51575c1380db36e63cdcf118075d7","qualified_solver":{"kind":"uv","sha256":"abdc39eab8b4ad341dca91f3823a23a343fae94bdb22ebdd9e91694415206f2f","version":"0.12.23"},"request_sha256":"9e03afaa5bc0150400353d4b1821ae111334b070441f754ec03ce6c993215746","schema":"pumas.selected-wheel-packet.v1","selected":[{"filename":"branch-2-py3-none-any.whl","id":"491bb1944b77d4ae983affca59ddb7eee5b650c080318810e47c452dd2d1de1c","local":"/tmp/.tmpHphvdD/torch-versions/.torch-catalog-fixture/491bb1944b77d4ae983affca59ddb7eee5b650c080318810e47c452dd2d1de1c/branch-2-py3-none-any.whl","name":"branch","repository":"pypi","requires_python_hint":null,"sha256":"8faaa3c8a7961d95b90751976ba82c70627f7600d1c5b834ec51419af73b84c1","size":853,"url":"https://files.pythonhosted.org/packages/branch-2-py3-none-any.whl","version":"2","yanked":false},{"filename":"dependency-2-py3-none-any.whl","id":"5f9acb6b63440df70e387548fabef3cfd75d53251ccfe8ad749b259449172818","local":"/tmp/.tmpHphvdD/torch-versions/.torch-catalog-fixture/5f9acb6b63440df70e387548fabef3cfd75d53251ccfe8ad749b259449172818/dependency-2-py3-none-any.whl","name":"dependency","repository":"pypi","requires_python_hint":null,"sha256":"fc95a8297c15452d3999b0b18e04a20f9be605715ec7340a95efeb0949ec40c9","size":859,"url":"https://files.pythonhosted.org/packages/dependency-2-py3-none-any.whl","version":"2","yanked":false},{"filename":"torch-2.14.0+cpu-py3-none-any.whl","id":"f365b91f58e97b583b3003d5083c6e61e420fa9a2c543f4461bd7aafa149ab2b","local":"/tmp/.tmpHphvdD/torch-versions/.torch-catalog-fixture/f365b91f58e97b583b3003d5083c6e61e420fa9a2c543f4461bd7aafa149ab2b/torch-2.14.0+cpu-py3-none-any.whl","name":"torch","repository":"pytorch","requires_python_hint":null,"sha256":"fe9a47b226ba8f91cefd05bb2fbac9c91bd2f62bebebf90de8faabbddf3b2877","size":1183,"url":"https://download.pytorch.org/whl/cpu/torch-2.14.0+cpu-py3-none-any.whl","version":"2.14.0+cpu","yanked":false}],"target_observation_sha256":"733861cd9bb035c15261ba130baa515552164619875a0a7f8b8e71f8923ddc32"}
selected lifecycle control Mutation("catalog"): actual_probe=true catalog_receipt_unchanged=true publication_custody_checked=true
catalog control Lifecycle(Mutation("catalog")): requests=5 complete=true publication_controlled=true cleanup_drained=true
selected packet: {"catalog_sha256":"3d60e1c0589dcd3b365f5817318e472de4d31f9b2cb032be793102ad635f6ae8","extras":{"branch":[],"dependency":[],"torch":[]},"lock_sha256":"b4ae8cb4489e70ea5523fae1a2d5f512c4383a2c359f132eacb142a78783498d","projection_sha256":"55b816bbdfe1b9e02d62376ebe1672e8047aefa6cfcb2a62898feb4049ae4b15","qualified_solver":{"kind":"uv","sha256":"abdc39eab8b4ad341dca91f3823a23a343fae94bdb22ebdd9e91694415206f2f","version":"0.12.23"},"request_sha256":"b8f4e6865f8633a62bdae5ff332ab735425000ac597fcbc759dba3212ccfeb0a","schema":"pumas.selected-wheel-packet.v1","selected":[{"filename":"branch-2-py3-none-any.whl","id":"b2dfd6a176ac0ddc74179446e95bc48b064b0346438c0474a69e7f33d706c11e","local":"/tmp/.tmpghQQyJ/torch-versions/.torch-catalog-fixture/b2dfd6a176ac0ddc74179446e95bc48b064b0346438c0474a69e7f33d706c11e/branch-2-py3-none-any.whl","name":"branch","repository":"pypi","requires_python_hint":null,"sha256":"f2003dee26348248392465a4575b07e22ca0369f1290d9593cd2aad91828cc0e","size":853,"url":"https://files.pythonhosted.org/packages/branch-2-py3-none-any.whl","version":"2","yanked":false},{"filename":"dependency-2-py3-none-any.whl","id":"ecfe9a9536853bda054103efccce7ab74f03975aa9eaab34d18f9f31e71b539a","local":"/tmp/.tmpghQQyJ/torch-versions/.torch-catalog-fixture/ecfe9a9536853bda054103efccce7ab74f03975aa9eaab34d18f9f31e71b539a/dependency-2-py3-none-any.whl","name":"dependency","repository":"pypi","requires_python_hint":null,"sha256":"b8546d285937ebda1e0fd82cf54874b0f7fbb950cd6d7a7813311ff9faedb038","size":859,"url":"https://files.pythonhosted.org/packages/dependency-2-py3-none-any.whl","version":"2","yanked":false},{"filename":"torch-2.14.0+cpu-py3-none-any.whl","id":"63dca2f103c1310e8c350906da395f7a86236afec3a2fbdeab4b79d887fdfa79","local":"/tmp/.tmpghQQyJ/torch-versions/.torch-catalog-fixture/63dca2f103c1310e8c350906da395f7a86236afec3a2fbdeab4b79d887fdfa79/torch-2.14.0+cpu-py3-none-any.whl","name":"torch","repository":"pytorch","requires_python_hint":null,"sha256":"f0dc86dab60585bd3cb02d1625ad2c5e32b1091ba667ce8fe7ef7005b841fe6e","size":1183,"url":"https://download.pytorch.org/whl/cpu/torch-2.14.0+cpu-py3-none-any.whl","version":"2.14.0+cpu","yanked":false}],"target_observation_sha256":"385a80efb3249a7527a63e722693480397334df3749b8dda2eb9912a66854831"}
selected lifecycle control Mutation("lock"): actual_probe=true catalog_receipt_unchanged=true publication_custody_checked=true
catalog control Lifecycle(Mutation("lock")): requests=5 complete=true publication_controlled=true cleanup_drained=true
selected packet: {"catalog_sha256":"f8620110e24e36dac5a5def5c22c83e47157e42c2d2af5f1e9fb0a88b190a2e5","extras":{"branch":[],"dependency":[],"torch":[]},"lock_sha256":"791547dc9f9329c22739c3c9ca2ea818ea30eb35cbb53b454a4433c087590a25","projection_sha256":"a8d4358c51c29e024ede6179c1609e05fe27291108e9c1ae55d4586b983212c7","qualified_solver":{"kind":"uv","sha256":"abdc39eab8b4ad341dca91f3823a23a343fae94bdb22ebdd9e91694415206f2f","version":"0.12.23"},"request_sha256":"9b31881d24e3502387964c3ad27f6c2a590658713f9bb2d51256b9567a4870e1","schema":"pumas.selected-wheel-packet.v1","selected":[{"filename":"branch-2-py3-none-any.whl","id":"acc648a051120ce9c0f4266b5476a0bc1df24b112f0a7863db2ddd7db19e5b2e","local":"/tmp/.tmpY4eDzC/torch-versions/.torch-catalog-fixture/acc648a051120ce9c0f4266b5476a0bc1df24b112f0a7863db2ddd7db19e5b2e/branch-2-py3-none-any.whl","name":"branch","repository":"pypi","requires_python_hint":null,"sha256":"0c8a75e31b2c8b30f99c4e1a8502e2255261514f80aa971673c76f5112a82208","size":853,"url":"https://files.pythonhosted.org/packages/branch-2-py3-none-any.whl","version":"2","yanked":false},{"filename":"dependency-2-py3-none-any.whl","id":"0aeb2a4128e4799839bc1a06d8a7aa2b87273e4d714a6b674a86588e8669f7d4","local":"/tmp/.tmpY4eDzC/torch-versions/.torch-catalog-fixture/0aeb2a4128e4799839bc1a06d8a7aa2b87273e4d714a6b674a86588e8669f7d4/dependency-2-py3-none-any.whl","name":"dependency","repository":"pypi","requires_python_hint":null,"sha256":"e428a6ef448f2e03e119b0beb2c6242cb7d9a0fc1d3a9d1123518a3d2aae0582","size":859,"url":"https://files.pythonhosted.org/packages/dependency-2-py3-none-any.whl","version":"2","yanked":false},{"filename":"torch-2.14.0+cpu-py3-none-any.whl","id":"7ccb27948ce4014471f4432b6f6b37ed662c3ca9870b6370c6a28270e4e67701","local":"/tmp/.tmpY4eDzC/torch-versions/.torch-catalog-fixture/7ccb27948ce4014471f4432b6f6b37ed662c3ca9870b6370c6a28270e4e67701/torch-2.14.0+cpu-py3-none-any.whl","name":"torch","repository":"pytorch","requires_python_hint":null,"sha256":"f994813449bcbe868c8984a1ec80676b2978c474c35fd5aa403fde1be85d5725","size":1183,"url":"https://download.pytorch.org/whl/cpu/torch-2.14.0+cpu-py3-none-any.whl","version":"2.14.0+cpu","yanked":false}],"target_observation_sha256":"98387aab12781825dd56cc3d80389a38b31342cc2674bdebe42fb85f4d7d3a63"}
selected lifecycle control Mutation("projection"): actual_probe=true catalog_receipt_unchanged=true publication_custody_checked=true
catalog control Lifecycle(Mutation("projection")): requests=5 complete=true publication_controlled=true cleanup_drained=true
selected packet: {"catalog_sha256":"4c6be1b8d9806092964f352a99a7b491c5abafad201f976fd85a7282a921c8ec","extras":{"branch":[],"dependency":[],"torch":[]},"lock_sha256":"607ba4ff10670b8f4aa4ee9f7a89f724a31d6af6d554bb25b4dec95fe2afbdcc","projection_sha256":"9e37cd351efe84e271ec2451a28bbca2851d342538431d13841ccad26e429771","qualified_solver":{"kind":"uv","sha256":"abdc39eab8b4ad341dca91f3823a23a343fae94bdb22ebdd9e91694415206f2f","version":"0.12.23"},"request_sha256":"3fad42b98ce9b533d22cda82f33aa269f06950ec71f7c5a0d2985afa988e8733","schema":"pumas.selected-wheel-packet.v1","selected":[{"filename":"branch-2-py3-none-any.whl","id":"c2226a77f20e02b0a7bffef41fcec5685e60d59c7bbc3367528873206940917f","local":"/tmp/.tmpEk9qlw/torch-versions/.torch-catalog-fixture/c2226a77f20e02b0a7bffef41fcec5685e60d59c7bbc3367528873206940917f/branch-2-py3-none-any.whl","name":"branch","repository":"pypi","requires_python_hint":null,"sha256":"b9493cf73886b5844dce5605c9faead4458c391add1f270ec0a59413f71bddd0","size":853,"url":"https://files.pythonhosted.org/packages/branch-2-py3-none-any.whl","version":"2","yanked":false},{"filename":"dependency-2-py3-none-any.whl","id":"b2a84db6e452669fc4dd598e3f395a57a6607eddb969fd1ae967bc704bdc7859","local":"/tmp/.tmpEk9qlw/torch-versions/.torch-catalog-fixture/b2a84db6e452669fc4dd598e3f395a57a6607eddb969fd1ae967bc704bdc7859/dependency-2-py3-none-any.whl","name":"dependency","repository":"pypi","requires_python_hint":null,"sha256":"c2181abd0e9a30ac0f29caea213fbad71ca2c2d0677ffe427995fbcbccb1d0fa","size":859,"url":"https://files.pythonhosted.org/packages/dependency-2-py3-none-any.whl","version":"2","yanked":false},{"filename":"torch-2.14.0+cpu-py3-none-any.whl","id":"d99cc279afc1f942cc1320e5c9d681b25e5b80a297e1ee153e162446edc3f907","local":"/tmp/.tmpEk9qlw/torch-versions/.torch-catalog-fixture/d99cc279afc1f942cc1320e5c9d681b25e5b80a297e1ee153e162446edc3f907/torch-2.14.0+cpu-py3-none-any.whl","name":"torch","repository":"pytorch","requires_python_hint":null,"sha256":"769c46d692988e3bba3e53915f014ad03b19664101505ee75618247c5cfb2699","size":1183,"url":"https://download.pytorch.org/whl/cpu/torch-2.14.0+cpu-py3-none-any.whl","version":"2.14.0+cpu","yanked":false}],"target_observation_sha256":"607b45dc8d593130e56d6f0698d13096f08e3c5653cc088f1d07abe99d2a8e56"}
selected lifecycle control Mutation("packet"): actual_probe=true catalog_receipt_unchanged=true publication_custody_checked=true
catalog control Lifecycle(Mutation("packet")): requests=5 complete=true publication_controlled=true cleanup_drained=true
selected packet: {"catalog_sha256":"ef4cdd3b1f596edbac0d27a64426832378fa0c1f0a96567cc2e365d43adceb50","extras":{"branch":[],"dependency":[],"torch":[]},"lock_sha256":"6f0de39dcf4fe932828cebce8f44825fe93dbf270008656b8f22fdef78485e0e","projection_sha256":"b04f08fa489e490a91bd8457ee83cf1e148f15b69e12f330743180663a75547e","qualified_solver":{"kind":"uv","sha256":"abdc39eab8b4ad341dca91f3823a23a343fae94bdb22ebdd9e91694415206f2f","version":"0.12.23"},"request_sha256":"13a6e1d979f09225f161a22451d8d0f7720bdb8f39a380a9411ee4ffdb2e5e5c","schema":"pumas.selected-wheel-packet.v1","selected":[{"filename":"branch-2-py3-none-any.whl","id":"222db5d5e5d6d6acaaf775d63c21c3e308a02af1ae185b3ed8f9e2119887f22d","local":"/tmp/.tmprNEOGg/torch-versions/.torch-catalog-fixture/222db5d5e5d6d6acaaf775d63c21c3e308a02af1ae185b3ed8f9e2119887f22d/branch-2-py3-none-any.whl","name":"branch","repository":"pypi","requires_python_hint":null,"sha256":"14ef42d99f5e881cb7bbf1762be4532610b2a514468348f3d3d6a187df571ffc","size":853,"url":"https://files.pythonhosted.org/packages/branch-2-py3-none-any.whl","version":"2","yanked":false},{"filename":"dependency-2-py3-none-any.whl","id":"822284be8b6d66510d954ef1cf095ba00ed5eec634b5a9a6de01ed6d5688d508","local":"/tmp/.tmprNEOGg/torch-versions/.torch-catalog-fixture/822284be8b6d66510d954ef1cf095ba00ed5eec634b5a9a6de01ed6d5688d508/dependency-2-py3-none-any.whl","name":"dependency","repository":"pypi","requires_python_hint":null,"sha256":"ef25b5ef934de6d0d8ec377118f5233e8fd0a9b01e9bd7d7aef2f219ee601a86","size":859,"url":"https://files.pythonhosted.org/packages/dependency-2-py3-none-any.whl","version":"2","yanked":false},{"filename":"torch-2.14.0+cpu-py3-none-any.whl","id":"684c0d5c570aac9c6597873095d197fa250272cd8e0249bf5cb0ed4e261f92ba","local":"/tmp/.tmprNEOGg/torch-versions/.torch-catalog-fixture/684c0d5c570aac9c6597873095d197fa250272cd8e0249bf5cb0ed4e261f92ba/torch-2.14.0+cpu-py3-none-any.whl","name":"torch","repository":"pytorch","requires_python_hint":null,"sha256":"2a05cfd368039c18acae20b6b2a164e239469c2f5ae391b9edde7958b432dfd8","size":1183,"url":"https://download.pytorch.org/whl/cpu/torch-2.14.0+cpu-py3-none-any.whl","version":"2.14.0+cpu","yanked":false}],"target_observation_sha256":"34ea1e623e386f9e6e8c137837ad9239b50318f6f547728a65a89c8289e73679"}
selected lifecycle control Mutation("manifest"): actual_probe=true catalog_receipt_unchanged=true publication_custody_checked=true
catalog control Lifecycle(Mutation("manifest")): requests=5 complete=true publication_controlled=true cleanup_drained=true
selected packet: {"catalog_sha256":"888cb8532b543c57616362bc4678f57a6b2fd3c91b7e7b2a29c51574ca923f33","extras":{"branch":[],"dependency":[],"torch":[]},"lock_sha256":"59d3dee85d5d29662e2f02d0479f296c787ceac4e1768733d094203df30a5071","projection_sha256":"8cdec71092a7469713fc2f066f4d9f0b6bd0e06d5593e312a5a94ef220e7d0d5","qualified_solver":{"kind":"uv","sha256":"abdc39eab8b4ad341dca91f3823a23a343fae94bdb22ebdd9e91694415206f2f","version":"0.12.23"},"request_sha256":"3510bdfa9b6695b08957a06f8bab9bc575cd0ec04f241ce0b33304e60d3db758","schema":"pumas.selected-wheel-packet.v1","selected":[{"filename":"branch-2-py3-none-any.whl","id":"c32e841455fcec32835031e7cd7b918a5e68db75b7f7b4a3675a44dbf3c650ec","local":"/tmp/.tmpzcYLUM/torch-versions/.torch-catalog-fixture/c32e841455fcec32835031e7cd7b918a5e68db75b7f7b4a3675a44dbf3c650ec/branch-2-py3-none-any.whl","name":"branch","repository":"pypi","requires_python_hint":null,"sha256":"b3d3b8a5f89e642e9c56428ce3a52df6f14b31cd54f36f4eb7d5ad1a28dad09c","size":853,"url":"https://files.pythonhosted.org/packages/branch-2-py3-none-any.whl","version":"2","yanked":false},{"filename":"dependency-2-py3-none-any.whl","id":"b90177ec07a380fc81aeb94b3c669cea884615cfbf02eab517bc6ee346164e32","local":"/tmp/.tmpzcYLUM/torch-versions/.torch-catalog-fixture/b90177ec07a380fc81aeb94b3c669cea884615cfbf02eab517bc6ee346164e32/dependency-2-py3-none-any.whl","name":"dependency","repository":"pypi","requires_python_hint":null,"sha256":"eba8c3e12eb4a6a1c74ae04d1d62399cde421f5fc8b58938cba86f498e4dcf52","size":859,"url":"https://files.pythonhosted.org/packages/dependency-2-py3-none-any.whl","version":"2","yanked":false},{"filename":"torch-2.14.0+cpu-py3-none-any.whl","id":"71a83d84d8269f51971e4b9284ba15c4acd15efc322c57f8041a0ca78125b7af","local":"/tmp/.tmpzcYLUM/torch-versions/.torch-catalog-fixture/71a83d84d8269f51971e4b9284ba15c4acd15efc322c57f8041a0ca78125b7af/torch-2.14.0+cpu-py3-none-any.whl","name":"torch","repository":"pytorch","requires_python_hint":null,"sha256":"f0543a97825449f26d7bd4f7904616dca6772b03492ec2b97d0d3d36b3171f3f","size":1183,"url":"https://download.pytorch.org/whl/cpu/torch-2.14.0+cpu-py3-none-any.whl","version":"2.14.0+cpu","yanked":false}],"target_observation_sha256":"ed25e2c27e380fc420a67efc872830da445c137f73f11e3b80926d5314dedc18"}
selected lifecycle control Mutation("report"): actual_probe=true catalog_receipt_unchanged=true publication_custody_checked=true
catalog control Lifecycle(Mutation("report")): requests=5 complete=true publication_controlled=true cleanup_drained=true
selected packet: {"catalog_sha256":"e6a5e387cc2ed7599dfa7e12fbed510b1a18a197ae7e9d68c8e0306c6b4b26d6","extras":{"branch":[],"dependency":[],"torch":[]},"lock_sha256":"6d14da99614ccc562c6c8c20adb10b33c1a3ea2784ed415c82a6254e2ed06386","projection_sha256":"3fc501b642423f420d297ca5c03e12df889850cca840c09a58857dc3fed6cef4","qualified_solver":{"kind":"uv","sha256":"abdc39eab8b4ad341dca91f3823a23a343fae94bdb22ebdd9e91694415206f2f","version":"0.12.23"},"request_sha256":"86fb829d6620bd031ce9a1e8b40d73bb3792df1a2cbc30b285ecf01bcc06ee70","schema":"pumas.selected-wheel-packet.v1","selected":[{"filename":"branch-2-py3-none-any.whl","id":"75d0687ef921009b49954d27dea55277e49a122a64461f07ed8ffb3c8adeda02","local":"/tmp/.tmpCBculv/torch-versions/.torch-catalog-fixture/75d0687ef921009b49954d27dea55277e49a122a64461f07ed8ffb3c8adeda02/branch-2-py3-none-any.whl","name":"branch","repository":"pypi","requires_python_hint":null,"sha256":"f521fe969a665dbd28ae19b89955b10033919992372d03e9439c0634acc27be2","size":853,"url":"https://files.pythonhosted.org/packages/branch-2-py3-none-any.whl","version":"2","yanked":false},{"filename":"dependency-2-py3-none-any.whl","id":"6aee453624bb118c3c62d3219a53ae708be3d58ad71676f6d12c079636863eab","local":"/tmp/.tmpCBculv/torch-versions/.torch-catalog-fixture/6aee453624bb118c3c62d3219a53ae708be3d58ad71676f6d12c079636863eab/dependency-2-py3-none-any.whl","name":"dependency","repository":"pypi","requires_python_hint":null,"sha256":"69a1b1b20b36402748f1b5902ec2ef812a1cc353cb245671a86bde9e1d163753","size":859,"url":"https://files.pythonhosted.org/packages/dependency-2-py3-none-any.whl","version":"2","yanked":false},{"filename":"torch-2.14.0+cpu-py3-none-any.whl","id":"14fda97569a30609fd561f655cafcce63cb7f99b068741faab3c44154d221b2b","local":"/tmp/.tmpCBculv/torch-versions/.torch-catalog-fixture/14fda97569a30609fd561f655cafcce63cb7f99b068741faab3c44154d221b2b/torch-2.14.0+cpu-py3-none-any.whl","name":"torch","repository":"pytorch","requires_python_hint":null,"sha256":"3e9191a9477045730dc07806f0b75c35e9696d3becf8b79282a1a3341ecc3903","size":1183,"url":"https://download.pytorch.org/whl/cpu/torch-2.14.0+cpu-py3-none-any.whl","version":"2.14.0+cpu","yanked":false}],"target_observation_sha256":"dbb4df837bc7a6fd8e21a41521dadd3f2ad5e602e97df51f42cbedb9e9ae264d"}
selected lifecycle control Mutation("runtime"): actual_probe=true catalog_receipt_unchanged=true publication_custody_checked=true
catalog control Lifecycle(Mutation("runtime")): requests=5 complete=true publication_controlled=true cleanup_drained=true
selected packet: {"catalog_sha256":"3f3d12a60f880374d802a1b00417718328b54fca0469ef6e6613fb88f92b1e83","extras":{"branch":[],"dependency":[],"torch":[]},"lock_sha256":"5d5ddb6052cf3a5db17f76fa47f8879e6f2df0c29ad702e86df08a5ef91484b0","projection_sha256":"f685ff69ee05964d687624f10e3e78865975fb7d02f27063d9ccc8f99ca34a89","qualified_solver":{"kind":"uv","sha256":"abdc39eab8b4ad341dca91f3823a23a343fae94bdb22ebdd9e91694415206f2f","version":"0.12.23"},"request_sha256":"f600261e251335a9eab271cb55c1747a22c15196332324e3ebba1a0861bd87fe","schema":"pumas.selected-wheel-packet.v1","selected":[{"filename":"branch-2-py3-none-any.whl","id":"a029f907f71d045a5b2a800328091904d3752da103132ff0556f824b621c30ef","local":"/tmp/.tmpXikG7Q/torch-versions/.torch-catalog-fixture/a029f907f71d045a5b2a800328091904d3752da103132ff0556f824b621c30ef/branch-2-py3-none-any.whl","name":"branch","repository":"pypi","requires_python_hint":null,"sha256":"f8b34a242c835313d0db43f18202b30f8197016676475d389c6c22d9034d38f9","size":853,"url":"https://files.pythonhosted.org/packages/branch-2-py3-none-any.whl","version":"2","yanked":false},{"filename":"dependency-2-py3-none-any.whl","id":"52a823bf0c482ddd6c2c0cd947110aa7e6a88a7d42b4060ac8b9415d2cde749e","local":"/tmp/.tmpXikG7Q/torch-versions/.torch-catalog-fixture/52a823bf0c482ddd6c2c0cd947110aa7e6a88a7d42b4060ac8b9415d2cde749e/dependency-2-py3-none-any.whl","name":"dependency","repository":"pypi","requires_python_hint":null,"sha256":"7ac5f01ec3f9132a9ba4c7ff6fe26c9e0fa2ebf306131f712e291aae0d324d84","size":859,"url":"https://files.pythonhosted.org/packages/dependency-2-py3-none-any.whl","version":"2","yanked":false},{"filename":"torch-2.14.0+cpu-py3-none-any.whl","id":"ebef88a2c70821b67860150351ca31a29b741ec0c2a2df114cb0c11e34d0e71a","local":"/tmp/.tmpXikG7Q/torch-versions/.torch-catalog-fixture/ebef88a2c70821b67860150351ca31a29b741ec0c2a2df114cb0c11e34d0e71a/torch-2.14.0+cpu-py3-none-any.whl","name":"torch","repository":"pytorch","requires_python_hint":null,"sha256":"dd7218786e9553f9d5df923a47d34c65e63685bbc23dcdb0e9c43d6f8d3cfd4b","size":1183,"url":"https://download.pytorch.org/whl/cpu/torch-2.14.0+cpu-py3-none-any.whl","version":"2.14.0+cpu","yanked":false}],"target_observation_sha256":"5d232aaeb04a496cfd9332828be7c1cf36d5c3750a6e719b810f500ebf8bdc9a"}
selected lifecycle control Mutation("profile"): actual_probe=true catalog_receipt_unchanged=true publication_custody_checked=true
catalog control Lifecycle(Mutation("profile")): requests=5 complete=true publication_controlled=true cleanup_drained=true
selected packet: {"catalog_sha256":"8f31ec261ec594ab298dac68f919a5f6dcb8c6b1bf8a1770a19b16867d12e6ad","extras":{"branch":[],"dependency":[],"torch":[]},"lock_sha256":"f33918066a5a49c03851d785f9c6cc5857b420c673e4962008cf68f50c700f38","projection_sha256":"2fafeadd924c28c6ba6cb3b22354f4186ad481f33eca0e1348d6326af75116de","qualified_solver":{"kind":"uv","sha256":"abdc39eab8b4ad341dca91f3823a23a343fae94bdb22ebdd9e91694415206f2f","version":"0.12.23"},"request_sha256":"babeb6a225188f63a76de0eaa39d8c7ffd86cb072ecfce43c4e7eb172b83d23f","schema":"pumas.selected-wheel-packet.v1","selected":[{"filename":"branch-2-py3-none-any.whl","id":"98b9d8837a47a2b6d1c1ff4fc3b6e7ba7ede29ed8ae28ca507cd40a73def4124","local":"/tmp/.tmpQd5cw0/torch-versions/.torch-catalog-fixture/98b9d8837a47a2b6d1c1ff4fc3b6e7ba7ede29ed8ae28ca507cd40a73def4124/branch-2-py3-none-any.whl","name":"branch","repository":"pypi","requires_python_hint":null,"sha256":"fa6b00d7cbac64d722e5d00167c7ae84ba2c58a1f2097631aff152190410e9cd","size":853,"url":"https://files.pythonhosted.org/packages/branch-2-py3-none-any.whl","version":"2","yanked":false},{"filename":"dependency-2-py3-none-any.whl","id":"fb7d2922388f617a930e3d339b59678cc374c31fca5b7aa2f83ea02e48f58fca","local":"/tmp/.tmpQd5cw0/torch-versions/.torch-catalog-fixture/fb7d2922388f617a930e3d339b59678cc374c31fca5b7aa2f83ea02e48f58fca/dependency-2-py3-none-any.whl","name":"dependency","repository":"pypi","requires_python_hint":null,"sha256":"fb0cca3bea7b93725c6971a5289fbd37e7fee24e8c8d815f37539bbb95471d4d","size":859,"url":"https://files.pythonhosted.org/packages/dependency-2-py3-none-any.whl","version":"2","yanked":false},{"filename":"torch-2.14.0+cpu-py3-none-any.whl","id":"92dca608c17ab3376b926de60cc95cc468408043c8b7b1fdb8a42c709e79ec16","local":"/tmp/.tmpQd5cw0/torch-versions/.torch-catalog-fixture/92dca608c17ab3376b926de60cc95cc468408043c8b7b1fdb8a42c709e79ec16/torch-2.14.0+cpu-py3-none-any.whl","name":"torch","repository":"pytorch","requires_python_hint":null,"sha256":"9055ff59a4ee2c98f45a8ca09c9db9cf17caed45695655beb35ab3e3e778c8eb","size":1183,"url":"https://download.pytorch.org/whl/cpu/torch-2.14.0+cpu-py3-none-any.whl","version":"2.14.0+cpu","yanked":false}],"target_observation_sha256":"5376041de610702869b8c56b53a450fb068786c5cc75442b88bcfebc068be500"}
selected lifecycle control Mutation("probe"): actual_probe=true catalog_receipt_unchanged=true publication_custody_checked=true
catalog control Lifecycle(Mutation("probe")): requests=5 complete=true publication_controlled=true cleanup_drained=true
selected packet: {"catalog_sha256":"07f4443e2f1b630b6dbb0ce1f857269aede302e053b93540258eb592c0a6a78e","extras":{"branch":[],"dependency":[],"torch":[]},"lock_sha256":"e83731202c1e91858b7c142698fe93f78029517d8337634c3430bf137da56746","projection_sha256":"328421549c899b5ce53f61c3d9010f027592091170d90ef02f5e81c98487dd15","qualified_solver":{"kind":"uv","sha256":"abdc39eab8b4ad341dca91f3823a23a343fae94bdb22ebdd9e91694415206f2f","version":"0.12.23"},"request_sha256":"0f4bea1dcfc5c093b5c31f1965a240dd60afcacc83e188b38dc058cd7a24e27b","schema":"pumas.selected-wheel-packet.v1","selected":[{"filename":"branch-2-py3-none-any.whl","id":"108769cddd5d78763f183aff61a55f6ad2dc175d5cc5df325077f67fbf4de056","local":"/tmp/.tmpptqPgv/torch-versions/.torch-catalog-fixture/108769cddd5d78763f183aff61a55f6ad2dc175d5cc5df325077f67fbf4de056/branch-2-py3-none-any.whl","name":"branch","repository":"pypi","requires_python_hint":null,"sha256":"6b4db31322e0a4ab9c40bb401a1bca5c292d6c425ba5e2f0635e6f146a609930","size":853,"url":"https://files.pythonhosted.org/packages/branch-2-py3-none-any.whl","version":"2","yanked":false},{"filename":"dependency-2-py3-none-any.whl","id":"7f5fdd50feb8296fa75d3d923995210f0a33f1532be103f3188faa8cf316a6d3","local":"/tmp/.tmpptqPgv/torch-versions/.torch-catalog-fixture/7f5fdd50feb8296fa75d3d923995210f0a33f1532be103f3188faa8cf316a6d3/dependency-2-py3-none-any.whl","name":"dependency","repository":"pypi","requires_python_hint":null,"sha256":"f8c72af2c8d280ed4620756b26d74066ab32e3ef807de1c2d299a619c4dc0232","size":859,"url":"https://files.pythonhosted.org/packages/dependency-2-py3-none-any.whl","version":"2","yanked":false},{"filename":"torch-2.14.0+cpu-py3-none-any.whl","id":"3aa9c72f31c97478fa415ef8804ed4322a21c0702a5f1337c50153d032e8100c","local":"/tmp/.tmpptqPgv/torch-versions/.torch-catalog-fixture/3aa9c72f31c97478fa415ef8804ed4322a21c0702a5f1337c50153d032e8100c/torch-2.14.0+cpu-py3-none-any.whl","name":"torch","repository":"pytorch","requires_python_hint":null,"sha256":"2d2b4e7699fb697f76b07b96cd251bbe16a589a72e2466ca261774b8bf07a29e","size":1183,"url":"https://download.pytorch.org/whl/cpu/torch-2.14.0+cpu-py3-none-any.whl","version":"2.14.0+cpu","yanked":false}],"target_observation_sha256":"066fd8d8c7e0661f867fd3c359e76778ab78a444b36bbbe06d09318d6b1664d6"}
selected lifecycle control Mutation("source"): actual_probe=true catalog_receipt_unchanged=true publication_custody_checked=true
catalog control Lifecycle(Mutation("source")): requests=5 complete=true publication_controlled=true cleanup_drained=true
selected packet: {"catalog_sha256":"997c9ce4c795ba6b91738edb70e5f9570009690389b0ca2c645de21aa6ddccfa","extras":{"branch":[],"dependency":[],"torch":[]},"lock_sha256":"bacbd324be81d909c827eccb56c9b4b7e0e39ed5a4d1ff2c05f248b4959098d2","projection_sha256":"9df1b4f2bc7bf559f71ef4f657136a52192e5851b48bfc43e264eb7f6a7bec97","qualified_solver":{"kind":"uv","sha256":"abdc39eab8b4ad341dca91f3823a23a343fae94bdb22ebdd9e91694415206f2f","version":"0.12.23"},"request_sha256":"6d5b7b9d8531ee963f5458dd011c418def8f902a2bd8a0137b19e39d1b95759c","schema":"pumas.selected-wheel-packet.v1","selected":[{"filename":"branch-2-py3-none-any.whl","id":"7fc3bdf49a99d349efea0483a5a99c0ffde43ef326e6864ce8c3f227bedd478c","local":"/tmp/.tmpZAb2lb/torch-versions/.torch-catalog-fixture/7fc3bdf49a99d349efea0483a5a99c0ffde43ef326e6864ce8c3f227bedd478c/branch-2-py3-none-any.whl","name":"branch","repository":"pypi","requires_python_hint":null,"sha256":"2f7d9a29ba36915ac63c35788ede7356f9b21bb235bcca0d934b467187669e5b","size":853,"url":"https://files.pythonhosted.org/packages/branch-2-py3-none-any.whl","version":"2","yanked":false},{"filename":"dependency-2-py3-none-any.whl","id":"76f37615cdb408b3a43f6a8066963970e0a6e24e1d4c6c122b2eb7590762f8b9","local":"/tmp/.tmpZAb2lb/torch-versions/.torch-catalog-fixture/76f37615cdb408b3a43f6a8066963970e0a6e24e1d4c6c122b2eb7590762f8b9/dependency-2-py3-none-any.whl","name":"dependency","repository":"pypi","requires_python_hint":null,"sha256":"d2945ec9c5c8528fe14d1fc515543db02cb5f036fbda310b124143ab76fa5aa2","size":859,"url":"https://files.pythonhosted.org/packages/dependency-2-py3-none-any.whl","version":"2","yanked":false},{"filename":"torch-2.14.0+cpu-py3-none-any.whl","id":"3c9432056e03cd4d337871b48bd1fc4ad5f5fe6b36d3f12838b3b150ba444976","local":"/tmp/.tmpZAb2lb/torch-versions/.torch-catalog-fixture/3c9432056e03cd4d337871b48bd1fc4ad5f5fe6b36d3f12838b3b150ba444976/torch-2.14.0+cpu-py3-none-any.whl","name":"torch","repository":"pytorch","requires_python_hint":null,"sha256":"ef32bbee2793ff0b73585f2ab3d589086ecb7a4bf6efab5b93e4c2d3bdfb1997","size":1183,"url":"https://download.pytorch.org/whl/cpu/torch-2.14.0+cpu-py3-none-any.whl","version":"2.14.0+cpu","yanked":false}],"target_observation_sha256":"b7899bec8c9e6b7e7213f1591a425d38e120db7e8fb62ab20b2aeeca69d33a0a"}
selected lifecycle control Mutation("added-source"): actual_probe=true catalog_receipt_unchanged=true publication_custody_checked=true
catalog control Lifecycle(Mutation("added-source")): requests=5 complete=true publication_controlled=true cleanup_drained=true
ok
test version_manager::installer::torch::torch_catalog_owner::tests::selected_runtime_publication_failure_and_movement_controls ... selected packet: {"catalog_sha256":"2e6f51238b227b99cb8fd1dc486be9a3204ec355f3d995bbda0821fd739a92cd","extras":{"branch":[],"dependency":[],"torch":[]},"lock_sha256":"57893bfdc8f246c7502cb78e223ae7825c2aeea726a9e94195b4190d8caca9c0","projection_sha256":"ace92ca91c80a3f99c0afa1ac8668c22b6896f1be688c0874f3f57ac396ffb26","qualified_solver":{"kind":"uv","sha256":"abdc39eab8b4ad341dca91f3823a23a343fae94bdb22ebdd9e91694415206f2f","version":"0.12.23"},"request_sha256":"dd8e46a7887e644b49d3b97def931350ed393a3d08932c8e119091f34ee0b0b5","schema":"pumas.selected-wheel-packet.v1","selected":[{"filename":"branch-2-py3-none-any.whl","id":"dd49e05b2349d8de330ef34148a700b1e79f9bf5d122d13f3a35ae5e33fa67d3","local":"/tmp/.tmpENNcJP/torch-versions/.torch-catalog-fixture/dd49e05b2349d8de330ef34148a700b1e79f9bf5d122d13f3a35ae5e33fa67d3/branch-2-py3-none-any.whl","name":"branch","repository":"pypi","requires_python_hint":null,"sha256":"18ea210a6b8b904356432e3e9d8840c14c9beb0b35561df72a84aeabac472dff","size":853,"url":"https://files.pythonhosted.org/packages/branch-2-py3-none-any.whl","version":"2","yanked":false},{"filename":"dependency-2-py3-none-any.whl","id":"ae551de1cd3b65232fe4d6816ade1d3077d960123927cd9fc74f98831d9c8573","local":"/tmp/.tmpENNcJP/torch-versions/.torch-catalog-fixture/ae551de1cd3b65232fe4d6816ade1d3077d960123927cd9fc74f98831d9c8573/dependency-2-py3-none-any.whl","name":"dependency","repository":"pypi","requires_python_hint":null,"sha256":"4aebb96f0843c6f3f3e97471457ea507460d0503c00febc54e436a41cb827009","size":859,"url":"https://files.pythonhosted.org/packages/dependency-2-py3-none-any.whl","version":"2","yanked":false},{"filename":"torch-2.14.0+cpu-py3-none-any.whl","id":"5a57346a017d28c7d8a618c37d1a3967b7b37f372ec42116e4ae8bdec2a5ca1c","local":"/tmp/.tmpENNcJP/torch-versions/.torch-catalog-fixture/5a57346a017d28c7d8a618c37d1a3967b7b37f372ec42116e4ae8bdec2a5ca1c/torch-2.14.0+cpu-py3-none-any.whl","name":"torch","repository":"pytorch","requires_python_hint":null,"sha256":"ba380504f7b5eaca17b18a33b9aa2ca5c4b072171ba2e62b5dc90f3e9d19a773","size":1183,"url":"https://download.pytorch.org/whl/cpu/torch-2.14.0+cpu-py3-none-any.whl","version":"2.14.0+cpu","yanked":false}],"target_observation_sha256":"28ef3885fced6c08d8c087fc7b461d0aef915ea0c7dff1183f20618e8bfb83c5"}
selected lifecycle control Publication(BeforeRename): actual_probe=true catalog_receipt_unchanged=true publication_custody_checked=true
catalog control Lifecycle(Publication(BeforeRename)): requests=5 complete=true publication_controlled=true cleanup_drained=true
selected packet: {"catalog_sha256":"924df1263065b3714fef8c0484c4e486a8b74dcce38cf2597757bbd6446de946","extras":{"branch":[],"dependency":[],"torch":[]},"lock_sha256":"12ea46cc6ac8f4518d7fb99078a594ab476f3dee761994c0abbe381261640d52","projection_sha256":"ec45c6cbddc8a93cae773e8d2770b4e5cb8100c8c57a60f2da646ef1d7fd2678","qualified_solver":{"kind":"uv","sha256":"abdc39eab8b4ad341dca91f3823a23a343fae94bdb22ebdd9e91694415206f2f","version":"0.12.23"},"request_sha256":"f4bfca69134f3d53955ffd35a4da4363926a694f0e665168afb85a04c7ff83da","schema":"pumas.selected-wheel-packet.v1","selected":[{"filename":"branch-2-py3-none-any.whl","id":"ac964806135c64488ada94a22713ba08bb1c7a08e280381b68f2d5e02982494a","local":"/tmp/.tmpwcW2PW/torch-versions/.torch-catalog-fixture/ac964806135c64488ada94a22713ba08bb1c7a08e280381b68f2d5e02982494a/branch-2-py3-none-any.whl","name":"branch","repository":"pypi","requires_python_hint":null,"sha256":"0d75f2cab0aa70856901188c136feec3aaa252b17d336fd46facf70f5e9e6de6","size":853,"url":"https://files.pythonhosted.org/packages/branch-2-py3-none-any.whl","version":"2","yanked":false},{"filename":"dependency-2-py3-none-any.whl","id":"8ed381a3e4ce7fb3b7ef040dac3c76c88e940f117173b31739b4ccce53e6892d","local":"/tmp/.tmpwcW2PW/torch-versions/.torch-catalog-fixture/8ed381a3e4ce7fb3b7ef040dac3c76c88e940f117173b31739b4ccce53e6892d/dependency-2-py3-none-any.whl","name":"dependency","repository":"pypi","requires_python_hint":null,"sha256":"f77b0243fa84dbb265cc0ea276a60d1d3991e1a84e7e0d89fb8268a1db3de962","size":859,"url":"https://files.pythonhosted.org/packages/dependency-2-py3-none-any.whl","version":"2","yanked":false},{"filename":"torch-2.14.0+cpu-py3-none-any.whl","id":"8ef9c833c5291a59360210e0963a9844567956fad88998bf0f8d8bda8bc2dc1d","local":"/tmp/.tmpwcW2PW/torch-versions/.torch-catalog-fixture/8ef9c833c5291a59360210e0963a9844567956fad88998bf0f8d8bda8bc2dc1d/torch-2.14.0+cpu-py3-none-any.whl","name":"torch","repository":"pytorch","requires_python_hint":null,"sha256":"3a67655c9315021da3c8d96b435695c00d0de3c794c04842481f333a665df29a","size":1183,"url":"https://download.pytorch.org/whl/cpu/torch-2.14.0+cpu-py3-none-any.whl","version":"2.14.0+cpu","yanked":false}],"target_observation_sha256":"70939804875905556de98b5886be9b82e06661eacf46f8cbc1d73b1ab67f687f"}
selected lifecycle control Publication(AfterRename): actual_probe=true catalog_receipt_unchanged=true publication_custody_checked=true
catalog control Lifecycle(Publication(AfterRename)): requests=5 complete=true publication_controlled=true cleanup_drained=true
selected packet: {"catalog_sha256":"153886456c6cf5062dbb12e5c9039890091a1e6abf21c503e1f840ca2bb34fc2","extras":{"branch":[],"dependency":[],"torch":[]},"lock_sha256":"ad93b116a6cd8f610e7e5b1835ddf6ace4fea73a4ebe68c7f8aed8b18b991f58","projection_sha256":"3ffac6bd8f724ef0708021a0dc18ac6c7edd8c4b8dbede939d36de607e91e42d","qualified_solver":{"kind":"uv","sha256":"abdc39eab8b4ad341dca91f3823a23a343fae94bdb22ebdd9e91694415206f2f","version":"0.12.23"},"request_sha256":"771c364c961f591c09120789924ed57c7a1d2d2f874b66230c7b29b66d02ed32","schema":"pumas.selected-wheel-packet.v1","selected":[{"filename":"branch-2-py3-none-any.whl","id":"713f9053728a0336ad0c29a53ec4f417271ff2ec6ef9edc5c9dc41d91552b8b0","local":"/tmp/.tmpOi6trC/torch-versions/.torch-catalog-fixture/713f9053728a0336ad0c29a53ec4f417271ff2ec6ef9edc5c9dc41d91552b8b0/branch-2-py3-none-any.whl","name":"branch","repository":"pypi","requires_python_hint":null,"sha256":"2c796ed9afbb7ec9a2e5cea5db5d0be93217db77536db4730d129ed3e2a6366d","size":853,"url":"https://files.pythonhosted.org/packages/branch-2-py3-none-any.whl","version":"2","yanked":false},{"filename":"dependency-2-py3-none-any.whl","id":"0e35002db90f7a788e59afe580b5190726cddaeca9abfe9afae1257a2d3b8ba3","local":"/tmp/.tmpOi6trC/torch-versions/.torch-catalog-fixture/0e35002db90f7a788e59afe580b5190726cddaeca9abfe9afae1257a2d3b8ba3/dependency-2-py3-none-any.whl","name":"dependency","repository":"pypi","requires_python_hint":null,"sha256":"ce842f99d393f5bb0d9a51964a1cc9bd902da8458731558b32abcd59ddc7f5a6","size":859,"url":"https://files.pythonhosted.org/packages/dependency-2-py3-none-any.whl","version":"2","yanked":false},{"filename":"torch-2.14.0+cpu-py3-none-any.whl","id":"dd3af8788c00bb790fc65c6326d399b6db9c664960eb66338e215521edade168","local":"/tmp/.tmpOi6trC/torch-versions/.torch-catalog-fixture/dd3af8788c00bb790fc65c6326d399b6db9c664960eb66338e215521edade168/torch-2.14.0+cpu-py3-none-any.whl","name":"torch","repository":"pytorch","requires_python_hint":null,"sha256":"7767c827235ac59ddd59381d0811f9e109692547f66babd617a8c212e0e13742","size":1183,"url":"https://download.pytorch.org/whl/cpu/torch-2.14.0+cpu-py3-none-any.whl","version":"2.14.0+cpu","yanked":false}],"target_observation_sha256":"da98f5a602781094c5e44da630448d5f65a74339c897751fab113338bf5498e7"}
selected lifecycle control Publication(MovedMember): actual_probe=true catalog_receipt_unchanged=true publication_custody_checked=true
catalog control Lifecycle(Publication(MovedMember)): requests=5 complete=true publication_controlled=true cleanup_drained=true
selected packet: {"catalog_sha256":"9e445433aa597689a1cfcc3132eafc39d3d3296527c7ee3ccb06df89e5079c06","extras":{"branch":[],"dependency":[],"torch":[]},"lock_sha256":"cf3f505d2f24808dad59d7228c8ef1b4fc71b764f383cb77540ac5612a8002b7","projection_sha256":"1850241af229900c12117145d3b3e3d3f4ca02b8c6d632e061e387c8ce88dec2","qualified_solver":{"kind":"uv","sha256":"abdc39eab8b4ad341dca91f3823a23a343fae94bdb22ebdd9e91694415206f2f","version":"0.12.23"},"request_sha256":"79cb382d71945b03a9614707d5def5ddd427c485fe7797013d34813784778cbc","schema":"pumas.selected-wheel-packet.v1","selected":[{"filename":"branch-2-py3-none-any.whl","id":"6f64e4d6fbc4bc6507ecc6765e84ee3a07cc35d8d3d573fdd3c42a24b79f3502","local":"/tmp/.tmpdJfDOE/torch-versions/.torch-catalog-fixture/6f64e4d6fbc4bc6507ecc6765e84ee3a07cc35d8d3d573fdd3c42a24b79f3502/branch-2-py3-none-any.whl","name":"branch","repository":"pypi","requires_python_hint":null,"sha256":"82e74442dd7c48a9cd91628c15d516266431595a989afe62f8cf87e5cf43ae4c","size":853,"url":"https://files.pythonhosted.org/packages/branch-2-py3-none-any.whl","version":"2","yanked":false},{"filename":"dependency-2-py3-none-any.whl","id":"2777dbd14809353bfce59a5de4a2f05462a68c30664756d0b8dc2cdb10827440","local":"/tmp/.tmpdJfDOE/torch-versions/.torch-catalog-fixture/2777dbd14809353bfce59a5de4a2f05462a68c30664756d0b8dc2cdb10827440/dependency-2-py3-none-any.whl","name":"dependency","repository":"pypi","requires_python_hint":null,"sha256":"0793184571813519430f967f36cd0d7617450a375affddb5f9f9339b6ba0e6bf","size":859,"url":"https://files.pythonhosted.org/packages/dependency-2-py3-none-any.whl","version":"2","yanked":false},{"filename":"torch-2.14.0+cpu-py3-none-any.whl","id":"131c929c1cdda0f44a22fca308031b8cb30a1de61485de0dfb924ef16d4d76d7","local":"/tmp/.tmpdJfDOE/torch-versions/.torch-catalog-fixture/131c929c1cdda0f44a22fca308031b8cb30a1de61485de0dfb924ef16d4d76d7/torch-2.14.0+cpu-py3-none-any.whl","name":"torch","repository":"pytorch","requires_python_hint":null,"sha256":"9e12394743868223b441e9a1446869a1701518d72df1749d6a1a12545d268ebc","size":1183,"url":"https://download.pytorch.org/whl/cpu/torch-2.14.0+cpu-py3-none-any.whl","version":"2.14.0+cpu","yanked":false}],"target_observation_sha256":"0e93c6794df10115d60c14369e5901cd4ef98c297ab3a52de059bc0abcd575f5"}
selected lifecycle control Publication(MovedRecord): actual_probe=true catalog_receipt_unchanged=true publication_custody_checked=true
catalog control Lifecycle(Publication(MovedRecord)): requests=5 complete=true publication_controlled=true cleanup_drained=true
selected packet: {"catalog_sha256":"a4cc20875e351e9a44190e8cb29c7ccd7dd7ad9e8cdcce2113a28b9e6f83961f","extras":{"branch":[],"dependency":[],"torch":[]},"lock_sha256":"16c38905e03e9658af39410fa78aeab12aa1d2563ac54685ae3cc136ff586399","projection_sha256":"0d6d5d8f812c5e9e612b28e87deef26b0c61358e6fece8483c878ef207d6c1a1","qualified_solver":{"kind":"uv","sha256":"abdc39eab8b4ad341dca91f3823a23a343fae94bdb22ebdd9e91694415206f2f","version":"0.12.23"},"request_sha256":"365681126f4beb98364aa72b9abf7d4e54e2ede439dfa95b270ea18ac54244f7","schema":"pumas.selected-wheel-packet.v1","selected":[{"filename":"branch-2-py3-none-any.whl","id":"af5ecb8da47f92cb00eaa1bcc769210a74a3270e5c9c751dd68cfa45ab380a23","local":"/tmp/.tmpS5iAR6/torch-versions/.torch-catalog-fixture/af5ecb8da47f92cb00eaa1bcc769210a74a3270e5c9c751dd68cfa45ab380a23/branch-2-py3-none-any.whl","name":"branch","repository":"pypi","requires_python_hint":null,"sha256":"571207d698a61a3df8d534337381c9e9af6dd48d187d55eab5c2e7dc1199704c","size":853,"url":"https://files.pythonhosted.org/packages/branch-2-py3-none-any.whl","version":"2","yanked":false},{"filename":"dependency-2-py3-none-any.whl","id":"33b26d9e36193dacc3c086c1016a8cb352b1bcb5f1498e7403335a742b26f439","local":"/tmp/.tmpS5iAR6/torch-versions/.torch-catalog-fixture/33b26d9e36193dacc3c086c1016a8cb352b1bcb5f1498e7403335a742b26f439/dependency-2-py3-none-any.whl","name":"dependency","repository":"pypi","requires_python_hint":null,"sha256":"4c5b419a41f2621ee803f6941a12250fa658f0d98d77dc1c3dd1cf434a525429","size":859,"url":"https://files.pythonhosted.org/packages/dependency-2-py3-none-any.whl","version":"2","yanked":false},{"filename":"torch-2.14.0+cpu-py3-none-any.whl","id":"5be8d3c1b3c17c9e286f80ca40997df7aeb6b3adc27f8946484657272d6fec5b","local":"/tmp/.tmpS5iAR6/torch-versions/.torch-catalog-fixture/5be8d3c1b3c17c9e286f80ca40997df7aeb6b3adc27f8946484657272d6fec5b/torch-2.14.0+cpu-py3-none-any.whl","name":"torch","repository":"pytorch","requires_python_hint":null,"sha256":"e9108f76b0f5b9a7c49e3cdafe83c5ac0c3d51ade568ac321e9aee99fd3a5cf8","size":1183,"url":"https://download.pytorch.org/whl/cpu/torch-2.14.0+cpu-py3-none-any.whl","version":"2.14.0+cpu","yanked":false}],"target_observation_sha256":"d6e4dd4d0bac136e3bbe8fc153d8b44b8ae9bdbbffb878aae4cf906ad9ef764f"}
selected lifecycle control Publication(ForeignDirectory): actual_probe=true catalog_receipt_unchanged=true publication_custody_checked=true
catalog control Lifecycle(Publication(ForeignDirectory)): requests=5 complete=true publication_controlled=true cleanup_drained=true
selected packet: {"catalog_sha256":"e88f7ace45edc0e261c190b78c445fd94d7ea20e9c1143d6acd4851ccc762951","extras":{"branch":[],"dependency":[],"torch":[]},"lock_sha256":"7b2d2fe10cae6e0cae203856b682af01d3fbc8ed6f254cadebe2f2c8f05bb912","projection_sha256":"83808ce91fb87ed9ef65a1066126bd24eedfa5656ddc716385683009f406b36d","qualified_solver":{"kind":"uv","sha256":"abdc39eab8b4ad341dca91f3823a23a343fae94bdb22ebdd9e91694415206f2f","version":"0.12.23"},"request_sha256":"84d88744286445d2b92bd0bac45331b0949b38684d3c4a3582a4b08579af30ca","schema":"pumas.selected-wheel-packet.v1","selected":[{"filename":"branch-2-py3-none-any.whl","id":"c37f7e5541023f978680c7355c3f139e4ada6e8f3c4d237174bd44107c41321c","local":"/tmp/.tmp9BYSlx/torch-versions/.torch-catalog-fixture/c37f7e5541023f978680c7355c3f139e4ada6e8f3c4d237174bd44107c41321c/branch-2-py3-none-any.whl","name":"branch","repository":"pypi","requires_python_hint":null,"sha256":"5150c37e1978453643fdf6f277ade2a66d1638856fec1feaf59ba3daa81ed649","size":853,"url":"https://files.pythonhosted.org/packages/branch-2-py3-none-any.whl","version":"2","yanked":false},{"filename":"dependency-2-py3-none-any.whl","id":"3577661ad271211c5360655401b07f3cda9a8bd143e9bdf4c6dad446e7cb5594","local":"/tmp/.tmp9BYSlx/torch-versions/.torch-catalog-fixture/3577661ad271211c5360655401b07f3cda9a8bd143e9bdf4c6dad446e7cb5594/dependency-2-py3-none-any.whl","name":"dependency","repository":"pypi","requires_python_hint":null,"sha256":"236e6f52d272d25295063d188339e4dcc28fa2cc8d1256e80d4254150c95bfb5","size":859,"url":"https://files.pythonhosted.org/packages/dependency-2-py3-none-any.whl","version":"2","yanked":false},{"filename":"torch-2.14.0+cpu-py3-none-any.whl","id":"950d1c26b5d229a5f6a27d7f09db60c5b36a55faf62a9889212bd93aa67903d8","local":"/tmp/.tmp9BYSlx/torch-versions/.torch-catalog-fixture/950d1c26b5d229a5f6a27d7f09db60c5b36a55faf62a9889212bd93aa67903d8/torch-2.14.0+cpu-py3-none-any.whl","name":"torch","repository":"pytorch","requires_python_hint":null,"sha256":"26a775766699314204cd6dff4b794a405be5838ebc991996ee6d1b1a93d702bb","size":1183,"url":"https://download.pytorch.org/whl/cpu/torch-2.14.0+cpu-py3-none-any.whl","version":"2.14.0+cpu","yanked":false}],"target_observation_sha256":"4c5d655d1d64971085f5720096b0503874f25730ca3c68d75716b17552870681"}
selected lifecycle control Publication(AfterMetadata): actual_probe=true catalog_receipt_unchanged=true publication_custody_checked=true
catalog control Lifecycle(Publication(AfterMetadata)): requests=5 complete=true publication_controlled=true cleanup_drained=true
ok
test version_manager::installer::torch::torch_catalog_owner::tests::selected_runtime_reconciliation_abandoned_waiter_keeps_job_custody ... selected packet: {"catalog_sha256":"07546e0b2994dff9db7e7bfefeec7de54d977cfc94b63094aa76723523bf7a7d","extras":{"branch":[],"dependency":[],"torch":[]},"lock_sha256":"315ada999fe4acef1a197b5ccc9511c4046d305c998749e53e577a71c1dd48a0","projection_sha256":"ba28fdf4465afbb2a8988ebb6f91fb4200dda08e23a72f1b795f541542a225be","qualified_solver":{"kind":"uv","sha256":"abdc39eab8b4ad341dca91f3823a23a343fae94bdb22ebdd9e91694415206f2f","version":"0.12.23"},"request_sha256":"53a1bece9c527994b86cb277de4b969561f22feef51f5ef8460c3ee4b6473aea","schema":"pumas.selected-wheel-packet.v1","selected":[{"filename":"branch-2-py3-none-any.whl","id":"2fbb85204291e745f2143e2474fe52612bcdcfa2743d6a4f81097e83402744b7","local":"/tmp/.tmpQxJqS0/torch-versions/.torch-catalog-fixture/2fbb85204291e745f2143e2474fe52612bcdcfa2743d6a4f81097e83402744b7/branch-2-py3-none-any.whl","name":"branch","repository":"pypi","requires_python_hint":null,"sha256":"a1e09fb95d084f3faf2aa55043027a89f925ea31def5089ef45bd3550f52e985","size":853,"url":"https://files.pythonhosted.org/packages/branch-2-py3-none-any.whl","version":"2","yanked":false},{"filename":"dependency-2-py3-none-any.whl","id":"0b9aa162f1f8dc5ba2f194225b6713995bd6c541b77d04e61510d167b178fd46","local":"/tmp/.tmpQxJqS0/torch-versions/.torch-catalog-fixture/0b9aa162f1f8dc5ba2f194225b6713995bd6c541b77d04e61510d167b178fd46/dependency-2-py3-none-any.whl","name":"dependency","repository":"pypi","requires_python_hint":null,"sha256":"c92cf1cdbf32fa306009a54c196b03550ac0dd34c5fca91ffebeffd4926452b5","size":859,"url":"https://files.pythonhosted.org/packages/dependency-2-py3-none-any.whl","version":"2","yanked":false},{"filename":"torch-2.14.0+cpu-py3-none-any.whl","id":"ac91e6a175910d4fae7f37f5d2c7061381aebda0db9fdf2ae3a369b2c2088fd2","local":"/tmp/.tmpQxJqS0/torch-versions/.torch-catalog-fixture/ac91e6a175910d4fae7f37f5d2c7061381aebda0db9fdf2ae3a369b2c2088fd2/torch-2.14.0+cpu-py3-none-any.whl","name":"torch","repository":"pytorch","requires_python_hint":null,"sha256":"1ef516fdc7b1fe86dff9fd3729c97540a58912d68267392fe4ca103716e8e0fd","size":1183,"url":"https://download.pytorch.org/whl/cpu/torch-2.14.0+cpu-py3-none-any.whl","version":"2.14.0+cpu","yanked":false}],"target_observation_sha256":"90acbce709ff99803f6757fec4f98785218f33cd6112348165544293e5336d04"}
reconciliation control abandon-reconciliation: actual_install_probe=true unchanged_catalog=true original_marker_bytes=239
selected lifecycle control Reconcile("abandon-reconciliation"): actual_probe=true catalog_receipt_unchanged=true publication_custody_checked=true
catalog control Lifecycle(Reconcile("abandon-reconciliation")): requests=5 complete=true publication_controlled=true cleanup_drained=true
ok
test version_manager::installer::torch::torch_catalog_owner::tests::selected_runtime_reconciliation_committed_and_owned_rollback ... selected packet: {"catalog_sha256":"d2655a657e68538d8ced4069c7fc3225d913d758d6a4bc44efe1d3bd8b43235f","extras":{"branch":[],"dependency":[],"torch":[]},"lock_sha256":"f50db1ba54901771c04e9ff7c8fddee3753affdb81d38bec810023d17f47a8b9","projection_sha256":"0d04326801419e57fbcb33ba88f2034f46970bb42dae8383a7499f4655c72231","qualified_solver":{"kind":"uv","sha256":"abdc39eab8b4ad341dca91f3823a23a343fae94bdb22ebdd9e91694415206f2f","version":"0.12.23"},"request_sha256":"ed70308a9d50dab9b30aab1aec7d104292828722b47a33ad470249be966381b1","schema":"pumas.selected-wheel-packet.v1","selected":[{"filename":"branch-2-py3-none-any.whl","id":"5615f7e0f14994b3b04d88c6bb0f3dd5b86f4e856cca0bb98387cba0f9f385f3","local":"/tmp/.tmps1ngxx/torch-versions/.torch-catalog-fixture/5615f7e0f14994b3b04d88c6bb0f3dd5b86f4e856cca0bb98387cba0f9f385f3/branch-2-py3-none-any.whl","name":"branch","repository":"pypi","requires_python_hint":null,"sha256":"59ab19293bdb62125259a7d75116edb7c1dce6bb2913517a6596618216decb6f","size":853,"url":"https://files.pythonhosted.org/packages/branch-2-py3-none-any.whl","version":"2","yanked":false},{"filename":"dependency-2-py3-none-any.whl","id":"fcf47588655f227cb78981d72d29ded702ef24a4f5dc6b36e442e223868a1622","local":"/tmp/.tmps1ngxx/torch-versions/.torch-catalog-fixture/fcf47588655f227cb78981d72d29ded702ef24a4f5dc6b36e442e223868a1622/dependency-2-py3-none-any.whl","name":"dependency","repository":"pypi","requires_python_hint":null,"sha256":"4b384c560aabdcf10f61d10de3c1a1ed4dab05314280db42ab32c90bc9b67473","size":859,"url":"https://files.pythonhosted.org/packages/dependency-2-py3-none-any.whl","version":"2","yanked":false},{"filename":"torch-2.14.0+cpu-py3-none-any.whl","id":"6eb4d538602e04850bae613e648cafda68f7868aaa9cee4d4f34be79c81b6003","local":"/tmp/.tmps1ngxx/torch-versions/.torch-catalog-fixture/6eb4d538602e04850bae613e648cafda68f7868aaa9cee4d4f34be79c81b6003/torch-2.14.0+cpu-py3-none-any.whl","name":"torch","repository":"pytorch","requires_python_hint":null,"sha256":"690a542bc8e57d43282c25705d262588e519fc77a9573ac0d4d967d634d52fbc","size":1183,"url":"https://download.pytorch.org/whl/cpu/torch-2.14.0+cpu-py3-none-any.whl","version":"2.14.0+cpu","yanked":false}],"target_observation_sha256":"6bf5b2825d3cc6fe833e79e5d0fb4523187da8a7749a16c547ab1d130f4ca459"}
reconciliation control committed: actual_install_probe=true unchanged_catalog=true original_marker_bytes=239
selected lifecycle control Reconcile("committed"): actual_probe=true catalog_receipt_unchanged=true publication_custody_checked=true
catalog control Lifecycle(Reconcile("committed")): requests=5 complete=true publication_controlled=true cleanup_drained=true
selected packet: {"catalog_sha256":"91a388a6c3e6ed6b6b10f93becb8a093d21f56b3151de624cd86c515da8b5878","extras":{"branch":[],"dependency":[],"torch":[]},"lock_sha256":"9dd54ef1dc68dcf588aeb26ae8dedaf0e04595c0a9318039b4293f55b8c71ab1","projection_sha256":"5d88e84df49a2dffec258d99d1593266cb61d0ece51b5376c379f3d57d414bc4","qualified_solver":{"kind":"uv","sha256":"abdc39eab8b4ad341dca91f3823a23a343fae94bdb22ebdd9e91694415206f2f","version":"0.12.23"},"request_sha256":"76ee76541d53ccd8242d7b2bf69a9eaeacf6f3f708e95f64ef3135283e01680d","schema":"pumas.selected-wheel-packet.v1","selected":[{"filename":"branch-2-py3-none-any.whl","id":"37ea7549a71ad13b9acd5832014fabb26bbc2e913260ac84188c49057a4b74c8","local":"/tmp/.tmpshJbuJ/torch-versions/.torch-catalog-fixture/37ea7549a71ad13b9acd5832014fabb26bbc2e913260ac84188c49057a4b74c8/branch-2-py3-none-any.whl","name":"branch","repository":"pypi","requires_python_hint":null,"sha256":"09dac7a3b9313c7bf687a515d22a543f6a14689839cf515b0427e194dd2d4f30","size":853,"url":"https://files.pythonhosted.org/packages/branch-2-py3-none-any.whl","version":"2","yanked":false},{"filename":"dependency-2-py3-none-any.whl","id":"25520af6c6833f5eb11ce6eae80d9272d2bec664eba77777719112e7ebb3f3b7","local":"/tmp/.tmpshJbuJ/torch-versions/.torch-catalog-fixture/25520af6c6833f5eb11ce6eae80d9272d2bec664eba77777719112e7ebb3f3b7/dependency-2-py3-none-any.whl","name":"dependency","repository":"pypi","requires_python_hint":null,"sha256":"018beb7feee570ec2d316f1a767657719f65b644ef905aa4d2e2247f3f714218","size":859,"url":"https://files.pythonhosted.org/packages/dependency-2-py3-none-any.whl","version":"2","yanked":false},{"filename":"torch-2.14.0+cpu-py3-none-any.whl","id":"bdee80245d2d02d7e94246024c2edec92913efcebd591249d46d104e0ab7eae5","local":"/tmp/.tmpshJbuJ/torch-versions/.torch-catalog-fixture/bdee80245d2d02d7e94246024c2edec92913efcebd591249d46d104e0ab7eae5/torch-2.14.0+cpu-py3-none-any.whl","name":"torch","repository":"pytorch","requires_python_hint":null,"sha256":"b47937f25220b5e95ecfc668bcbe247dfeffa5aa3ed4b6f3ea74ae0296aecf5d","size":1183,"url":"https://download.pytorch.org/whl/cpu/torch-2.14.0+cpu-py3-none-any.whl","version":"2.14.0+cpu","yanked":false}],"target_observation_sha256":"4510107154f3eee4dd483e81d7974d8681c0052ce586062aae5fd7d6e37876f4"}
reconciliation control missing-marker: actual_install_probe=true unchanged_catalog=true original_marker_bytes=239
selected lifecycle control Reconcile("missing-marker"): actual_probe=true catalog_receipt_unchanged=true publication_custody_checked=true
catalog control Lifecycle(Reconcile("missing-marker")): requests=5 complete=true publication_controlled=true cleanup_drained=true
selected packet: {"catalog_sha256":"2d5c61d48bddbc5b3d0705d2bc489ad61ee31e4b027019e9233d4a76b4032e53","extras":{"branch":[],"dependency":[],"torch":[]},"lock_sha256":"f82e31e395be3d222229eef29d1c9068bfbf9fb8823f9fcfc61112c1a1ebcc72","projection_sha256":"aefb65c9ef95fbf9b5b6ba31700199b9cb2b71cc3acb4db0c4299491b265fc36","qualified_solver":{"kind":"uv","sha256":"abdc39eab8b4ad341dca91f3823a23a343fae94bdb22ebdd9e91694415206f2f","version":"0.12.23"},"request_sha256":"155e86fcab098c1faade1efef69b8ebff6af1c85fabb1bec58f723a06cb0a3a5","schema":"pumas.selected-wheel-packet.v1","selected":[{"filename":"branch-2-py3-none-any.whl","id":"82a8e69bb697e4e6935bc52847bfa2a75200fbfe6ce33393e755fa655c2362c6","local":"/tmp/.tmpTqd8Ud/torch-versions/.torch-catalog-fixture/82a8e69bb697e4e6935bc52847bfa2a75200fbfe6ce33393e755fa655c2362c6/branch-2-py3-none-any.whl","name":"branch","repository":"pypi","requires_python_hint":null,"sha256":"082181f9917ba89e62e2d645279aba9401941e114a956ac86d7f2eb3e16f67a2","size":853,"url":"https://files.pythonhosted.org/packages/branch-2-py3-none-any.whl","version":"2","yanked":false},{"filename":"dependency-2-py3-none-any.whl","id":"19903ba76af46ee3d83f38a44da5f621cd40f2b87cdb7704d0eca8eaadf3dee6","local":"/tmp/.tmpTqd8Ud/torch-versions/.torch-catalog-fixture/19903ba76af46ee3d83f38a44da5f621cd40f2b87cdb7704d0eca8eaadf3dee6/dependency-2-py3-none-any.whl","name":"dependency","repository":"pypi","requires_python_hint":null,"sha256":"013cb80fbed2bfd742000798550d6d22ea4a64cf8e046617f3a8136be8296f44","size":859,"url":"https://files.pythonhosted.org/packages/dependency-2-py3-none-any.whl","version":"2","yanked":false},{"filename":"torch-2.14.0+cpu-py3-none-any.whl","id":"a99354ee868ae154c5e343b57c2b833e42421a78e78ccbe57927757fe503a636","local":"/tmp/.tmpTqd8Ud/torch-versions/.torch-catalog-fixture/a99354ee868ae154c5e343b57c2b833e42421a78e78ccbe57927757fe503a636/torch-2.14.0+cpu-py3-none-any.whl","name":"torch","repository":"pytorch","requires_python_hint":null,"sha256":"79eeeb0330047913c92e0f0c17b211608102a8f1d23f80cab8837802625cab57","size":1183,"url":"https://download.pytorch.org/whl/cpu/torch-2.14.0+cpu-py3-none-any.whl","version":"2.14.0+cpu","yanked":false}],"target_observation_sha256":"7ab4ac6cef543edc0c9f701306fc0c305eee1efc808c0e75567719789ad860c1"}
reconciliation control before-rename: actual_install_probe=true unchanged_catalog=true original_marker_bytes=239
selected lifecycle control Reconcile("before-rename"): actual_probe=true catalog_receipt_unchanged=true publication_custody_checked=true
catalog control Lifecycle(Reconcile("before-rename")): requests=5 complete=true publication_controlled=true cleanup_drained=true
selected packet: {"catalog_sha256":"82c5a1b144d5429c519d30ddf86cf9d2a8da7b9ac284555e148a2846dc698f32","extras":{"branch":[],"dependency":[],"torch":[]},"lock_sha256":"220b196f66173b110fe25789ecac8326fb6be6531fd4f601d1fb0c713ff79688","projection_sha256":"45fde8af69f97acfd07c3da0fbb638295c89e6123d0c65a4b86a4bb68a2168a7","qualified_solver":{"kind":"uv","sha256":"abdc39eab8b4ad341dca91f3823a23a343fae94bdb22ebdd9e91694415206f2f","version":"0.12.23"},"request_sha256":"276e42f13988dfb423e1a0da57da591fac34208f43ee5fa890663619e093360b","schema":"pumas.selected-wheel-packet.v1","selected":[{"filename":"branch-2-py3-none-any.whl","id":"b4d28bbb2e11bf11e8677371d4c29a8b116ce3ea2dbdeff882c7e2fdbe1a1647","local":"/tmp/.tmpAYgx0a/torch-versions/.torch-catalog-fixture/b4d28bbb2e11bf11e8677371d4c29a8b116ce3ea2dbdeff882c7e2fdbe1a1647/branch-2-py3-none-any.whl","name":"branch","repository":"pypi","requires_python_hint":null,"sha256":"c05516a1be2cac6c6907382fb38e61600ee0adc20dcf662bb3b7b892bb015186","size":853,"url":"https://files.pythonhosted.org/packages/branch-2-py3-none-any.whl","version":"2","yanked":false},{"filename":"dependency-2-py3-none-any.whl","id":"a6a7406ed5fe198d95c26a1ced1b790db8fc71c35ae1ef15b227fc3084c9d527","local":"/tmp/.tmpAYgx0a/torch-versions/.torch-catalog-fixture/a6a7406ed5fe198d95c26a1ced1b790db8fc71c35ae1ef15b227fc3084c9d527/dependency-2-py3-none-any.whl","name":"dependency","repository":"pypi","requires_python_hint":null,"sha256":"6de56e7ba2335805e71f4529a53865de489ca56255a89ed459ea6e430cd93a55","size":859,"url":"https://files.pythonhosted.org/packages/dependency-2-py3-none-any.whl","version":"2","yanked":false},{"filename":"torch-2.14.0+cpu-py3-none-any.whl","id":"870efdb9de9785c2127c204221b28bf4142baea39f8d927bafc3a72b164e71f4","local":"/tmp/.tmpAYgx0a/torch-versions/.torch-catalog-fixture/870efdb9de9785c2127c204221b28bf4142baea39f8d927bafc3a72b164e71f4/torch-2.14.0+cpu-py3-none-any.whl","name":"torch","repository":"pytorch","requires_python_hint":null,"sha256":"a9b9d13fac97feb285fe42df8432c4694ad6982f79a4476f6a6439a361575c0a","size":1183,"url":"https://download.pytorch.org/whl/cpu/torch-2.14.0+cpu-py3-none-any.whl","version":"2.14.0+cpu","yanked":false}],"target_observation_sha256":"1b3a581923b89afb8910b6d35fc0702d340ec8373b57cdfe8b3bc2661a882490"}
reconciliation control after-rename: actual_install_probe=true unchanged_catalog=true original_marker_bytes=239
selected lifecycle control Reconcile("after-rename"): actual_probe=true catalog_receipt_unchanged=true publication_custody_checked=true
catalog control Lifecycle(Reconcile("after-rename")): requests=5 complete=true publication_controlled=true cleanup_drained=true
ok
test version_manager::installer::torch::torch_catalog_owner::tests::selected_runtime_reconciliation_interrupted_cleanup_retains_custody ... selected packet: {"catalog_sha256":"6fa1765f96240065f8f8eecb27e47f86bd1694b1adb51c7912aad68a6d790e75","extras":{"branch":[],"dependency":[],"torch":[]},"lock_sha256":"c6e11c6a8b94618f614e2b18f3ca69a614ed83868083107c20acea35019d3b85","projection_sha256":"004bec804fa886bf817ebc4ad616b2a375ff97ce80143fa21bc8a1a35957f26d","qualified_solver":{"kind":"uv","sha256":"abdc39eab8b4ad341dca91f3823a23a343fae94bdb22ebdd9e91694415206f2f","version":"0.12.23"},"request_sha256":"768c7c96b76243f0efa1ee72170d0a3e2e86c3d4ed15dccea2fad1ec7e2046b3","schema":"pumas.selected-wheel-packet.v1","selected":[{"filename":"branch-2-py3-none-any.whl","id":"26dd0b873dfcd0bac2275d5b7b85e272a2d12cb9d87a923758c67ca551c47884","local":"/tmp/.tmp4ZnhLy/torch-versions/.torch-catalog-fixture/26dd0b873dfcd0bac2275d5b7b85e272a2d12cb9d87a923758c67ca551c47884/branch-2-py3-none-any.whl","name":"branch","repository":"pypi","requires_python_hint":null,"sha256":"53e5394fb0145ad85ca2f8f4a411303ffc363c507d91fdef71ebcacc605dd634","size":853,"url":"https://files.pythonhosted.org/packages/branch-2-py3-none-any.whl","version":"2","yanked":false},{"filename":"dependency-2-py3-none-any.whl","id":"b3cc9544c8961c2d5140a666f490efe893066c1b2cbd68581fc531b1daa7ea43","local":"/tmp/.tmp4ZnhLy/torch-versions/.torch-catalog-fixture/b3cc9544c8961c2d5140a666f490efe893066c1b2cbd68581fc531b1daa7ea43/dependency-2-py3-none-any.whl","name":"dependency","repository":"pypi","requires_python_hint":null,"sha256":"862d1ff4e753b196eddb739c6550a57ce01e8868058c410cc0ec216e9e059f7c","size":859,"url":"https://files.pythonhosted.org/packages/dependency-2-py3-none-any.whl","version":"2","yanked":false},{"filename":"torch-2.14.0+cpu-py3-none-any.whl","id":"fe58a605bc50c8977c59ebebbac40576322f6b0d610d18c116c952ce25fae2a6","local":"/tmp/.tmp4ZnhLy/torch-versions/.torch-catalog-fixture/fe58a605bc50c8977c59ebebbac40576322f6b0d610d18c116c952ce25fae2a6/torch-2.14.0+cpu-py3-none-any.whl","name":"torch","repository":"pytorch","requires_python_hint":null,"sha256":"0f50dc1bb560a0e1d9d78b468b1e6c7124338f281498d77a8c9bb2311675588a","size":1183,"url":"https://download.pytorch.org/whl/cpu/torch-2.14.0+cpu-py3-none-any.whl","version":"2.14.0+cpu","yanked":false}],"target_observation_sha256":"67c45ddf5ab33fea5061a9fa997d794a6033ba09d564bb961a0a218641e2f77c"}
reconciliation control cleanup-interruption: actual_install_probe=true unchanged_catalog=true original_marker_bytes=239
selected lifecycle control Reconcile("cleanup-interruption"): actual_probe=true catalog_receipt_unchanged=true publication_custody_checked=true
catalog control Lifecycle(Reconcile("cleanup-interruption")): requests=5 complete=true publication_controlled=true cleanup_drained=true
ok
test version_manager::installer::torch::torch_catalog_owner::tests::selected_runtime_reconciliation_missing_mutated_foreign_evidence_is_unresolved ... selected packet: {"catalog_sha256":"d34787374b5a1ea468e49808f18a9d236df68c2da3e70a02ffaf5d847b3ba985","extras":{"branch":[],"dependency":[],"torch":[]},"lock_sha256":"c37bc250649644c37b00b4bc6658f03ccafb461463a9a43f9844ce8c25e6cf98","projection_sha256":"94b13df70fe52bb9419a296b263f773ce13f9ab6126d9cec4327500f4c1741fe","qualified_solver":{"kind":"uv","sha256":"abdc39eab8b4ad341dca91f3823a23a343fae94bdb22ebdd9e91694415206f2f","version":"0.12.23"},"request_sha256":"6a0d67230be85f4e89be35cfd7de506fcdf45ab4982c009cf2d35e01d4617027","schema":"pumas.selected-wheel-packet.v1","selected":[{"filename":"branch-2-py3-none-any.whl","id":"259d2c66ed626294d67ad4a9cce1625b0f8225ed00282fc4a6f4a901dd2ec375","local":"/tmp/.tmp4AZVHs/torch-versions/.torch-catalog-fixture/259d2c66ed626294d67ad4a9cce1625b0f8225ed00282fc4a6f4a901dd2ec375/branch-2-py3-none-any.whl","name":"branch","repository":"pypi","requires_python_hint":null,"sha256":"781d7034e8eb8d9940b98f11871055579509a86d3ba29a1ea9f92edf7398e454","size":853,"url":"https://files.pythonhosted.org/packages/branch-2-py3-none-any.whl","version":"2","yanked":false},{"filename":"dependency-2-py3-none-any.whl","id":"cf2400f6e97aa31c1261958ba77c40a0a28ec55843c37ce84647674dee85c135","local":"/tmp/.tmp4AZVHs/torch-versions/.torch-catalog-fixture/cf2400f6e97aa31c1261958ba77c40a0a28ec55843c37ce84647674dee85c135/dependency-2-py3-none-any.whl","name":"dependency","repository":"pypi","requires_python_hint":null,"sha256":"d746060873da8e9c96bbe462a540bc4ab5c834b1b671a3be7fd4147a663e58b6","size":859,"url":"https://files.pythonhosted.org/packages/dependency-2-py3-none-any.whl","version":"2","yanked":false},{"filename":"torch-2.14.0+cpu-py3-none-any.whl","id":"764c0dc62e64ce91e1567e7ae37e0ae6e09e62d5937785bc9750e60aaac97d38","local":"/tmp/.tmp4AZVHs/torch-versions/.torch-catalog-fixture/764c0dc62e64ce91e1567e7ae37e0ae6e09e62d5937785bc9750e60aaac97d38/torch-2.14.0+cpu-py3-none-any.whl","name":"torch","repository":"pytorch","requires_python_hint":null,"sha256":"af918aff6e3f8f8204ebb7697415f56f5e7a771c0fa72c070099f41d548dbfc9","size":1183,"url":"https://download.pytorch.org/whl/cpu/torch-2.14.0+cpu-py3-none-any.whl","version":"2.14.0+cpu","yanked":false}],"target_observation_sha256":"b950023114e93e8df6cca72ea6c3c20289956e61d977f1c2e59e5d9644155f6f"}
reconciliation control mutated-marker: actual_install_probe=true unchanged_catalog=true original_marker_bytes=239
selected lifecycle control Reconcile("mutated-marker"): actual_probe=true catalog_receipt_unchanged=true publication_custody_checked=true
catalog control Lifecycle(Reconcile("mutated-marker")): requests=5 complete=true publication_controlled=true cleanup_drained=true
selected packet: {"catalog_sha256":"8ce346d379024c0b3c1dc22e9d961df6cf54f21c4580474057fbb1db24b9edb3","extras":{"branch":[],"dependency":[],"torch":[]},"lock_sha256":"46343febcd9d8d9a04bb0a6eda3c84269c5ed5c1b662c04a6239ad563952cf8b","projection_sha256":"1c07efba1ad6d113cd9a3f555f8a5e1bd9e537d3bc2534a42d3a902beacdb0b9","qualified_solver":{"kind":"uv","sha256":"abdc39eab8b4ad341dca91f3823a23a343fae94bdb22ebdd9e91694415206f2f","version":"0.12.23"},"request_sha256":"64b80c371c657bca12b0624d6d8ab2f06352723545f097c0bbc5960900d22f7f","schema":"pumas.selected-wheel-packet.v1","selected":[{"filename":"branch-2-py3-none-any.whl","id":"97264f331f6bec4707c10ec13bf631e1af8e130b98b8f1f572e2751091f4afc6","local":"/tmp/.tmpX7py3T/torch-versions/.torch-catalog-fixture/97264f331f6bec4707c10ec13bf631e1af8e130b98b8f1f572e2751091f4afc6/branch-2-py3-none-any.whl","name":"branch","repository":"pypi","requires_python_hint":null,"sha256":"9f7edf62fc705f5dbe4403af450ff83136b628bae53a76f3210da37fc12c9f04","size":853,"url":"https://files.pythonhosted.org/packages/branch-2-py3-none-any.whl","version":"2","yanked":false},{"filename":"dependency-2-py3-none-any.whl","id":"bd8d2dbd102d8a0c6a1a38802d9b8bd189ae8b137b2c5c8b2cd5a4eafab48c46","local":"/tmp/.tmpX7py3T/torch-versions/.torch-catalog-fixture/bd8d2dbd102d8a0c6a1a38802d9b8bd189ae8b137b2c5c8b2cd5a4eafab48c46/dependency-2-py3-none-any.whl","name":"dependency","repository":"pypi","requires_python_hint":null,"sha256":"6eb438cd75e0f3aaa5b95bddd738b5a30e4f779d8aed6b62af53a5d10def6eba","size":859,"url":"https://files.pythonhosted.org/packages/dependency-2-py3-none-any.whl","version":"2","yanked":false},{"filename":"torch-2.14.0+cpu-py3-none-any.whl","id":"e1eaab929c8545c14fa3a8cfcf35aab8f3c674a85bfe508abb08f091d605595f","local":"/tmp/.tmpX7py3T/torch-versions/.torch-catalog-fixture/e1eaab929c8545c14fa3a8cfcf35aab8f3c674a85bfe508abb08f091d605595f/torch-2.14.0+cpu-py3-none-any.whl","name":"torch","repository":"pytorch","requires_python_hint":null,"sha256":"e9c2f113970b075ce19f99dd22a130a76c41df4e386cae67d875e587972550be","size":1183,"url":"https://download.pytorch.org/whl/cpu/torch-2.14.0+cpu-py3-none-any.whl","version":"2.14.0+cpu","yanked":false}],"target_observation_sha256":"a1507777d5124454ea271b9999efb226dc75d73aec35d4dbaeee3a7c2f838721"}
reconciliation control missing-record: actual_install_probe=true unchanged_catalog=true original_marker_bytes=239
selected lifecycle control Reconcile("missing-record"): actual_probe=true catalog_receipt_unchanged=true publication_custody_checked=true
catalog control Lifecycle(Reconcile("missing-record")): requests=5 complete=true publication_controlled=true cleanup_drained=true
selected packet: {"catalog_sha256":"b4a00881b2d0798a4f538b841228c02590fc77cf27783cdc46085b7ccc979c8c","extras":{"branch":[],"dependency":[],"torch":[]},"lock_sha256":"b91312220572492de60d36c2ab1b07a9081954c5c0c78602d24e1580e3617fc9","projection_sha256":"9ed3218c55c2fb5ee6ad5b7c22f563b64bf3e968d61fe22de19ef02e084f9f57","qualified_solver":{"kind":"uv","sha256":"abdc39eab8b4ad341dca91f3823a23a343fae94bdb22ebdd9e91694415206f2f","version":"0.12.23"},"request_sha256":"bf2154ec07acbc21dca55f4c5cc97317278c29993c28a7103e82d47dd717e276","schema":"pumas.selected-wheel-packet.v1","selected":[{"filename":"branch-2-py3-none-any.whl","id":"870fa7dc05e234d86b440848f4e5bd113248bfb5a1f7eb12637b4c2d67673b4c","local":"/tmp/.tmpqZ2Nw5/torch-versions/.torch-catalog-fixture/870fa7dc05e234d86b440848f4e5bd113248bfb5a1f7eb12637b4c2d67673b4c/branch-2-py3-none-any.whl","name":"branch","repository":"pypi","requires_python_hint":null,"sha256":"0274efb23c5a4081b6ea8a8f77124cc06f6f260d80f2a3885a4457aca3cba298","size":853,"url":"https://files.pythonhosted.org/packages/branch-2-py3-none-any.whl","version":"2","yanked":false},{"filename":"dependency-2-py3-none-any.whl","id":"4c7ec3c0616058d5d7fdbec96c3edbd1be786e3fa72db9e8fb8d2d7699f70ce3","local":"/tmp/.tmpqZ2Nw5/torch-versions/.torch-catalog-fixture/4c7ec3c0616058d5d7fdbec96c3edbd1be786e3fa72db9e8fb8d2d7699f70ce3/dependency-2-py3-none-any.whl","name":"dependency","repository":"pypi","requires_python_hint":null,"sha256":"188e102f1601d546c2b9baf8cbe1259a08323f2d9a3fbd78bcffac3822f289cd","size":859,"url":"https://files.pythonhosted.org/packages/dependency-2-py3-none-any.whl","version":"2","yanked":false},{"filename":"torch-2.14.0+cpu-py3-none-any.whl","id":"e86a4b12da04cb24b6144397dd97e780ceb8db1e01d6a7c63b90602d33e15daa","local":"/tmp/.tmpqZ2Nw5/torch-versions/.torch-catalog-fixture/e86a4b12da04cb24b6144397dd97e780ceb8db1e01d6a7c63b90602d33e15daa/torch-2.14.0+cpu-py3-none-any.whl","name":"torch","repository":"pytorch","requires_python_hint":null,"sha256":"784bc079d861ac442e4ff5dfba6fc27f8eb986b86f2401297fefd74c9e8b33d2","size":1183,"url":"https://download.pytorch.org/whl/cpu/torch-2.14.0+cpu-py3-none-any.whl","version":"2.14.0+cpu","yanked":false}],"target_observation_sha256":"40e878bb173cfe1f8fd839730d2e6a938441ddf51fceaa5b3054120faa031870"}
reconciliation control mutated-record: actual_install_probe=true unchanged_catalog=true original_marker_bytes=239
selected lifecycle control Reconcile("mutated-record"): actual_probe=true catalog_receipt_unchanged=true publication_custody_checked=true
catalog control Lifecycle(Reconcile("mutated-record")): requests=5 complete=true publication_controlled=true cleanup_drained=true
selected packet: {"catalog_sha256":"0bfaf52ab8307193e3aa0c223893f7353eab8948a7c27aafbe0527528db4eb22","extras":{"branch":[],"dependency":[],"torch":[]},"lock_sha256":"938c0106ee2b08e10a56b013f8b3a181145e1cb7d77a0df7b66772e938861969","projection_sha256":"04b8d6a80adfd0c4a4107b7cb43d0da66eea8e16c0f1751a2ff5179d25f2f987","qualified_solver":{"kind":"uv","sha256":"abdc39eab8b4ad341dca91f3823a23a343fae94bdb22ebdd9e91694415206f2f","version":"0.12.23"},"request_sha256":"7e23811f9394cf4da4ca24a67070bd4d608d30fb184defbd872abf25f9c77103","schema":"pumas.selected-wheel-packet.v1","selected":[{"filename":"branch-2-py3-none-any.whl","id":"f223983c5c20f7cc84f50a0a82184328beb6ba074b566da2513aaf575077faef","local":"/tmp/.tmpZTbhzD/torch-versions/.torch-catalog-fixture/f223983c5c20f7cc84f50a0a82184328beb6ba074b566da2513aaf575077faef/branch-2-py3-none-any.whl","name":"branch","repository":"pypi","requires_python_hint":null,"sha256":"0352fd5a6b913766ff5917cd9988c6df4c47027c61ff8a2a09451ddae20d6161","size":853,"url":"https://files.pythonhosted.org/packages/branch-2-py3-none-any.whl","version":"2","yanked":false},{"filename":"dependency-2-py3-none-any.whl","id":"6ab5aab9abd1a11385d827bab4cbdeb1835f52f339f17ba68c6a1025f4e8301a","local":"/tmp/.tmpZTbhzD/torch-versions/.torch-catalog-fixture/6ab5aab9abd1a11385d827bab4cbdeb1835f52f339f17ba68c6a1025f4e8301a/dependency-2-py3-none-any.whl","name":"dependency","repository":"pypi","requires_python_hint":null,"sha256":"996a9a419ce376b57a7050c6457e1ec88cc58ad9545a1d35e2041865407547b8","size":859,"url":"https://files.pythonhosted.org/packages/dependency-2-py3-none-any.whl","version":"2","yanked":false},{"filename":"torch-2.14.0+cpu-py3-none-any.whl","id":"f0703f3ae9e256e2b74c886c84e39991704bb349b405a90e9a23bae028a72eb9","local":"/tmp/.tmpZTbhzD/torch-versions/.torch-catalog-fixture/f0703f3ae9e256e2b74c886c84e39991704bb349b405a90e9a23bae028a72eb9/torch-2.14.0+cpu-py3-none-any.whl","name":"torch","repository":"pytorch","requires_python_hint":null,"sha256":"a426e36e23817b345ec5ce2662bc9ffbc03388ce9593a07f1b0c4aadb14ecb00","size":1183,"url":"https://download.pytorch.org/whl/cpu/torch-2.14.0+cpu-py3-none-any.whl","version":"2.14.0+cpu","yanked":false}],"target_observation_sha256":"ec50afefd50ee3c1629c80e5f946a443265e0f33031ee6bf159cf1432444e455"}
reconciliation control mutated-member: actual_install_probe=true unchanged_catalog=true original_marker_bytes=239
selected lifecycle control Reconcile("mutated-member"): actual_probe=true catalog_receipt_unchanged=true publication_custody_checked=true
catalog control Lifecycle(Reconcile("mutated-member")): requests=5 complete=true publication_controlled=true cleanup_drained=true
selected packet: {"catalog_sha256":"7f288aa6e693c9ef87a68b1c6f183356d52f65a53e885e53183026fdacbe8f3c","extras":{"branch":[],"dependency":[],"torch":[]},"lock_sha256":"41739d3a98a550f28878f00d0352a2b94fe2a6443d35288e93e6b8c3697d3ecc","projection_sha256":"d4d3662fa6329a799cb68bb2781dc878e7ba1a2312eb329592303d05ad5a11f1","qualified_solver":{"kind":"uv","sha256":"abdc39eab8b4ad341dca91f3823a23a343fae94bdb22ebdd9e91694415206f2f","version":"0.12.23"},"request_sha256":"f06b1f6c9b892e3419fd4fca72c10d95654c0539046c40c88c8345ad6e63620a","schema":"pumas.selected-wheel-packet.v1","selected":[{"filename":"branch-2-py3-none-any.whl","id":"6897dfde6fe259c680aac398e9b55d20308a4cc923049e6259a3c87936f34de4","local":"/tmp/.tmpXHAlVp/torch-versions/.torch-catalog-fixture/6897dfde6fe259c680aac398e9b55d20308a4cc923049e6259a3c87936f34de4/branch-2-py3-none-any.whl","name":"branch","repository":"pypi","requires_python_hint":null,"sha256":"692b6fea615382e348b60510c98ecf5410d9fb18eae0ac7d1db4874fa8810906","size":853,"url":"https://files.pythonhosted.org/packages/branch-2-py3-none-any.whl","version":"2","yanked":false},{"filename":"dependency-2-py3-none-any.whl","id":"2125e9176621b6e395ec66f648f1fb1a468a0466e490328d74f80af5f9d4f271","local":"/tmp/.tmpXHAlVp/torch-versions/.torch-catalog-fixture/2125e9176621b6e395ec66f648f1fb1a468a0466e490328d74f80af5f9d4f271/dependency-2-py3-none-any.whl","name":"dependency","repository":"pypi","requires_python_hint":null,"sha256":"6b70dc83432640bbac39daa6cf72154d248814472f0d3801123e22b51404f630","size":859,"url":"https://files.pythonhosted.org/packages/dependency-2-py3-none-any.whl","version":"2","yanked":false},{"filename":"torch-2.14.0+cpu-py3-none-any.whl","id":"907d256312acb611404d48e3e3f7f98dbace41e1466b2cfca73ffbdd989b9288","local":"/tmp/.tmpXHAlVp/torch-versions/.torch-catalog-fixture/907d256312acb611404d48e3e3f7f98dbace41e1466b2cfca73ffbdd989b9288/torch-2.14.0+cpu-py3-none-any.whl","name":"torch","repository":"pytorch","requires_python_hint":null,"sha256":"72746d57aa5ae3da01a1b868765be33881ce32f2fa46e452a8fc8bc3977cb550","size":1183,"url":"https://download.pytorch.org/whl/cpu/torch-2.14.0+cpu-py3-none-any.whl","version":"2.14.0+cpu","yanked":false}],"target_observation_sha256":"ee085c2a236c0bac04cb07a243e6998e0d68a44e5effabccfd528fc1f49b42f1"}
reconciliation control missing-directory: actual_install_probe=true unchanged_catalog=true original_marker_bytes=239
selected lifecycle control Reconcile("missing-directory"): actual_probe=true catalog_receipt_unchanged=true publication_custody_checked=true
catalog control Lifecycle(Reconcile("missing-directory")): requests=5 complete=true publication_controlled=true cleanup_drained=true
selected packet: {"catalog_sha256":"ebfaab3e00b255fcaf01a4b5e07af3be20797b883492143d05e8963078812e98","extras":{"branch":[],"dependency":[],"torch":[]},"lock_sha256":"a93c3ddf099364b6fcde6f26fbfddd3ee3ecd5efc48225725a9b6772149b895f","projection_sha256":"daa2bfb339a650c48bc45c4e709afc4caaae182c8dfe9135807aed8bb0bc60f7","qualified_solver":{"kind":"uv","sha256":"abdc39eab8b4ad341dca91f3823a23a343fae94bdb22ebdd9e91694415206f2f","version":"0.12.23"},"request_sha256":"c63236ffc89f577c0dbaeed0457a42fd78766adfe99014cef3809a398265815b","schema":"pumas.selected-wheel-packet.v1","selected":[{"filename":"branch-2-py3-none-any.whl","id":"9c3956c9c9a67c2bcd19f864ea13fdd49a711c35293d5c25c0f9a23d404bc01c","local":"/tmp/.tmp6GGxHm/torch-versions/.torch-catalog-fixture/9c3956c9c9a67c2bcd19f864ea13fdd49a711c35293d5c25c0f9a23d404bc01c/branch-2-py3-none-any.whl","name":"branch","repository":"pypi","requires_python_hint":null,"sha256":"0ee38295b98be83f09a8d5a47bbb33117f843ff7ba0c394ecfa62eb93391ae20","size":853,"url":"https://files.pythonhosted.org/packages/branch-2-py3-none-any.whl","version":"2","yanked":false},{"filename":"dependency-2-py3-none-any.whl","id":"a971eb0455ab8c443b716446cd686b9e2bb84b8afb615cbdafa98bcc3a9b4298","local":"/tmp/.tmp6GGxHm/torch-versions/.torch-catalog-fixture/a971eb0455ab8c443b716446cd686b9e2bb84b8afb615cbdafa98bcc3a9b4298/dependency-2-py3-none-any.whl","name":"dependency","repository":"pypi","requires_python_hint":null,"sha256":"20f40d96124731fdecfe1136744fdd05b60c35de058928d9cf9e8371d34b309d","size":859,"url":"https://files.pythonhosted.org/packages/dependency-2-py3-none-any.whl","version":"2","yanked":false},{"filename":"torch-2.14.0+cpu-py3-none-any.whl","id":"c165e35b2831515126d80aa01d01c2ecd149096f0465cab99e27f3217fdb34d7","local":"/tmp/.tmp6GGxHm/torch-versions/.torch-catalog-fixture/c165e35b2831515126d80aa01d01c2ecd149096f0465cab99e27f3217fdb34d7/torch-2.14.0+cpu-py3-none-any.whl","name":"torch","repository":"pytorch","requires_python_hint":null,"sha256":"75bc87f09a469cfbf853e8f323f4d009ec14cda291cdf6f82f51d0379a97e64f","size":1183,"url":"https://download.pytorch.org/whl/cpu/torch-2.14.0+cpu-py3-none-any.whl","version":"2.14.0+cpu","yanked":false}],"target_observation_sha256":"38d1a03c964a16cee2c8285a3547d13fbba10a150740ae7d4b7c19b95a3e7cb6"}
reconciliation control foreign-directory: actual_install_probe=true unchanged_catalog=true original_marker_bytes=239
selected lifecycle control Reconcile("foreign-directory"): actual_probe=true catalog_receipt_unchanged=true publication_custody_checked=true
catalog control Lifecycle(Reconcile("foreign-directory")): requests=5 complete=true publication_controlled=true cleanup_drained=true
selected packet: {"catalog_sha256":"df1c91479f6679c6f870edac900a05b6afd81bc95ec45a2967267f6c8cf2e881","extras":{"branch":[],"dependency":[],"torch":[]},"lock_sha256":"fc8baa56b4ec023aa63a12813149d614d8e0c489691809c9c4a07335ea5a4452","projection_sha256":"77194caf6f0e35cf5d63525b6bbd757c074eaeda97686a7c40b6da252e6b97df","qualified_solver":{"kind":"uv","sha256":"abdc39eab8b4ad341dca91f3823a23a343fae94bdb22ebdd9e91694415206f2f","version":"0.12.23"},"request_sha256":"b38581d526a420f1985831ad8f15f4e09a7a7d6005938526b88956b72ee075bf","schema":"pumas.selected-wheel-packet.v1","selected":[{"filename":"branch-2-py3-none-any.whl","id":"14283ccf768a84eebc0c827e64b9bd54bed118f6242b62297c0c22068cc2cd6e","local":"/tmp/.tmpwVS8RP/torch-versions/.torch-catalog-fixture/14283ccf768a84eebc0c827e64b9bd54bed118f6242b62297c0c22068cc2cd6e/branch-2-py3-none-any.whl","name":"branch","repository":"pypi","requires_python_hint":null,"sha256":"88ff41437bcb805a087415039d42fc3ee5d14786b0e8a16bf277276a3338bacf","size":853,"url":"https://files.pythonhosted.org/packages/branch-2-py3-none-any.whl","version":"2","yanked":false},{"filename":"dependency-2-py3-none-any.whl","id":"87611e38765c4fbe2064c4e641b182fc76a79acb1b2b9cd4c2f541023b14c01f","local":"/tmp/.tmpwVS8RP/torch-versions/.torch-catalog-fixture/87611e38765c4fbe2064c4e641b182fc76a79acb1b2b9cd4c2f541023b14c01f/dependency-2-py3-none-any.whl","name":"dependency","repository":"pypi","requires_python_hint":null,"sha256":"1c8dc9af173028929c42c571fb119ce6c9083138aef2915d9e8d9f8bfbbb041e","size":859,"url":"https://files.pythonhosted.org/packages/dependency-2-py3-none-any.whl","version":"2","yanked":false},{"filename":"torch-2.14.0+cpu-py3-none-any.whl","id":"7af9a537f12299b3274d75378daf135396ca04496201233eb82d9a1e7388d21c","local":"/tmp/.tmpwVS8RP/torch-versions/.torch-catalog-fixture/7af9a537f12299b3274d75378daf135396ca04496201233eb82d9a1e7388d21c/torch-2.14.0+cpu-py3-none-any.whl","name":"torch","repository":"pytorch","requires_python_hint":null,"sha256":"df30657619e7654747a1e8a35fcb570b7cda127a73677c9006c80fafd3b1f3f4","size":1183,"url":"https://download.pytorch.org/whl/cpu/torch-2.14.0+cpu-py3-none-any.whl","version":"2.14.0+cpu","yanked":false}],"target_observation_sha256":"d29beab2535d0afc2f14408242d55584ddbbc880bf3ed7e4dcc325c5ef76f581"}
reconciliation control foreign-metadata: actual_install_probe=true unchanged_catalog=true original_marker_bytes=239
selected lifecycle control Reconcile("foreign-metadata"): actual_probe=true catalog_receipt_unchanged=true publication_custody_checked=true
catalog control Lifecycle(Reconcile("foreign-metadata")): requests=5 complete=true publication_controlled=true cleanup_drained=true
selected packet: {"catalog_sha256":"ead8ceb05992bd48d6509121d9f31816b7051b2b14eb2d92e7b71935f668c16f","extras":{"branch":[],"dependency":[],"torch":[]},"lock_sha256":"9a384f165d344d062391a6eba512aec6063340ab46d7d4054051fd7c5d923e7f","projection_sha256":"6fe2083ed525043499525fee5937dbdf06bcb36253ba1db59f74103c7157a4bf","qualified_solver":{"kind":"uv","sha256":"abdc39eab8b4ad341dca91f3823a23a343fae94bdb22ebdd9e91694415206f2f","version":"0.12.23"},"request_sha256":"79e2bfd534073961b08dd8f0bdf57695a0e4cb9de72085348aed7912f82a6691","schema":"pumas.selected-wheel-packet.v1","selected":[{"filename":"branch-2-py3-none-any.whl","id":"892ae537b94792e8c5327e7bcbdbb70be737f60e8bfff0951c972c4eb5ded2a5","local":"/tmp/.tmpYRiNZq/torch-versions/.torch-catalog-fixture/892ae537b94792e8c5327e7bcbdbb70be737f60e8bfff0951c972c4eb5ded2a5/branch-2-py3-none-any.whl","name":"branch","repository":"pypi","requires_python_hint":null,"sha256":"5f5763903d3404104eb1a182989240dc43d80506eb2ea8daa521304faefe2e47","size":853,"url":"https://files.pythonhosted.org/packages/branch-2-py3-none-any.whl","version":"2","yanked":false},{"filename":"dependency-2-py3-none-any.whl","id":"704918e8148b0a8593a7b79cc62db0c56a1f3f02f59d8736e90cf2a82168565b","local":"/tmp/.tmpYRiNZq/torch-versions/.torch-catalog-fixture/704918e8148b0a8593a7b79cc62db0c56a1f3f02f59d8736e90cf2a82168565b/dependency-2-py3-none-any.whl","name":"dependency","repository":"pypi","requires_python_hint":null,"sha256":"6ae90fa86fd7d97a7469fb1268b9b117e7bbe2fd8c015d5389e39d61d3dc026c","size":859,"url":"https://files.pythonhosted.org/packages/dependency-2-py3-none-any.whl","version":"2","yanked":false},{"filename":"torch-2.14.0+cpu-py3-none-any.whl","id":"5e47cbf75b540e89a945d583e9df6c3eb4f3ea8b6a2bee2c51c2e8cbaa27f9fc","local":"/tmp/.tmpYRiNZq/torch-versions/.torch-catalog-fixture/5e47cbf75b540e89a945d583e9df6c3eb4f3ea8b6a2bee2c51c2e8cbaa27f9fc/torch-2.14.0+cpu-py3-none-any.whl","name":"torch","repository":"pytorch","requires_python_hint":null,"sha256":"fdd96aa9c66ac68a53e4b74c699736d32d7d9bdf2fab05d6dac62ae3ccf6102b","size":1183,"url":"https://download.pytorch.org/whl/cpu/torch-2.14.0+cpu-py3-none-any.whl","version":"2.14.0+cpu","yanked":false}],"target_observation_sha256":"f7660e7cf97b82898f1b67e2cd4b9722689c10fcba4c060d24ffdb8e6fa77bce"}
reconciliation control rollback-missing-record: actual_install_probe=true unchanged_catalog=true original_marker_bytes=239
selected lifecycle control Reconcile("rollback-missing-record"): actual_probe=true catalog_receipt_unchanged=true publication_custody_checked=true
catalog control Lifecycle(Reconcile("rollback-missing-record")): requests=5 complete=true publication_controlled=true cleanup_drained=true
selected packet: {"catalog_sha256":"88bd876740b7d37071a00257f6bdf1d011f66e5f9446571262b064469b6cc76b","extras":{"branch":[],"dependency":[],"torch":[]},"lock_sha256":"5db0e4e99eda9b1850a944ca811fe343f3effca488776a32041134003178cafb","projection_sha256":"f0349feaebe5411f5a95a6b1f84392d7535f2662a50ed5d09c5538fc813e14db","qualified_solver":{"kind":"uv","sha256":"abdc39eab8b4ad341dca91f3823a23a343fae94bdb22ebdd9e91694415206f2f","version":"0.12.23"},"request_sha256":"54c1333c8ae76b0046434bf32c33b43045ec0556b32f4e12cd1a61e0332f64eb","schema":"pumas.selected-wheel-packet.v1","selected":[{"filename":"branch-2-py3-none-any.whl","id":"b685faaa48ced31c212d17177089e4181ff6063ec8ade5472ef979452985cc40","local":"/tmp/.tmpSLt7Wv/torch-versions/.torch-catalog-fixture/b685faaa48ced31c212d17177089e4181ff6063ec8ade5472ef979452985cc40/branch-2-py3-none-any.whl","name":"branch","repository":"pypi","requires_python_hint":null,"sha256":"93030eab44f1730da3c89cc3cc8dc332f3a739492c8a62ecfd2f69bebfd8014d","size":853,"url":"https://files.pythonhosted.org/packages/branch-2-py3-none-any.whl","version":"2","yanked":false},{"filename":"dependency-2-py3-none-any.whl","id":"c786a75a9dc9d7910999ca3566abd16632ef4fa0f27a1897f789b2b19629fc98","local":"/tmp/.tmpSLt7Wv/torch-versions/.torch-catalog-fixture/c786a75a9dc9d7910999ca3566abd16632ef4fa0f27a1897f789b2b19629fc98/dependency-2-py3-none-any.whl","name":"dependency","repository":"pypi","requires_python_hint":null,"sha256":"6911c459b0f9da0ffe6e73c320e7e3507385c99d1133fd04148c6ca5fafad139","size":859,"url":"https://files.pythonhosted.org/packages/dependency-2-py3-none-any.whl","version":"2","yanked":false},{"filename":"torch-2.14.0+cpu-py3-none-any.whl","id":"e8db8b7869e6c22c4819f894c330e6fa4a4a050624c72b20aa8b2934ca6a6457","local":"/tmp/.tmpSLt7Wv/torch-versions/.torch-catalog-fixture/e8db8b7869e6c22c4819f894c330e6fa4a4a050624c72b20aa8b2934ca6a6457/torch-2.14.0+cpu-py3-none-any.whl","name":"torch","repository":"pytorch","requires_python_hint":null,"sha256":"f6635c0994e4b91466e5f3f5f5794eba32e35b7c10c34d9aa78b1e01f1f15012","size":1183,"url":"https://download.pytorch.org/whl/cpu/torch-2.14.0+cpu-py3-none-any.whl","version":"2.14.0+cpu","yanked":false}],"target_observation_sha256":"09c8f34cc48da4eaf0a7527f9236b1b1d336919c1f6eff61b31cf26497020715"}
reconciliation control rollback-mutated-marker: actual_install_probe=true unchanged_catalog=true original_marker_bytes=239
selected lifecycle control Reconcile("rollback-mutated-marker"): actual_probe=true catalog_receipt_unchanged=true publication_custody_checked=true
catalog control Lifecycle(Reconcile("rollback-mutated-marker")): requests=5 complete=true publication_controlled=true cleanup_drained=true
selected packet: {"catalog_sha256":"1728e5e69d030aacc3eaa426ecc53e6b0dac4fb75e2d94bcf28ffa2dd40df3b6","extras":{"branch":[],"dependency":[],"torch":[]},"lock_sha256":"2afc38df26a9bbfd4b4e1e562e6fa1ab7c7e3464e9bbf935679787388352e958","projection_sha256":"b0a59c8c0941c5b3a19d3432bb7d1eff5574d8cd13d84e5f7927d8e39de608a3","qualified_solver":{"kind":"uv","sha256":"abdc39eab8b4ad341dca91f3823a23a343fae94bdb22ebdd9e91694415206f2f","version":"0.12.23"},"request_sha256":"da1d5fc1433b51afc2f15e4a209b06d722995baeaab76202aec96a70d9d0cbd9","schema":"pumas.selected-wheel-packet.v1","selected":[{"filename":"branch-2-py3-none-any.whl","id":"b3544f6a9563cc3cdba3b4b586d4a964e1e6f3f297b4066edd865aad8d129c73","local":"/tmp/.tmpqvvxwo/torch-versions/.torch-catalog-fixture/b3544f6a9563cc3cdba3b4b586d4a964e1e6f3f297b4066edd865aad8d129c73/branch-2-py3-none-any.whl","name":"branch","repository":"pypi","requires_python_hint":null,"sha256":"e2e362a9f670d9524b97b7c2744171dab081b619651d062b11cdd4b53597bf73","size":853,"url":"https://files.pythonhosted.org/packages/branch-2-py3-none-any.whl","version":"2","yanked":false},{"filename":"dependency-2-py3-none-any.whl","id":"4bc44496190e0da1e90505988854a8db332c836411110b6b1db7b19589f50bf9","local":"/tmp/.tmpqvvxwo/torch-versions/.torch-catalog-fixture/4bc44496190e0da1e90505988854a8db332c836411110b6b1db7b19589f50bf9/dependency-2-py3-none-any.whl","name":"dependency","repository":"pypi","requires_python_hint":null,"sha256":"e1def320ebf594cc9fa32f6edc2b32abc1495057b7f8a332bb99a5d20fd2a283","size":859,"url":"https://files.pythonhosted.org/packages/dependency-2-py3-none-any.whl","version":"2","yanked":false},{"filename":"torch-2.14.0+cpu-py3-none-any.whl","id":"b49677633dd1dd35b1b6605fc44beabdf7e2dba6a8593620c1a670d9d0ca247b","local":"/tmp/.tmpqvvxwo/torch-versions/.torch-catalog-fixture/b49677633dd1dd35b1b6605fc44beabdf7e2dba6a8593620c1a670d9d0ca247b/torch-2.14.0+cpu-py3-none-any.whl","name":"torch","repository":"pytorch","requires_python_hint":null,"sha256":"0053b607a0c8108f69c41a07ae637225e3833c1c87d0637815b9ff2edc503be3","size":1183,"url":"https://download.pytorch.org/whl/cpu/torch-2.14.0+cpu-py3-none-any.whl","version":"2.14.0+cpu","yanked":false}],"target_observation_sha256":"51978804531db63a797f8450b1cc7978c3a236a8533f64a568a3b01ed95082a2"}
reconciliation control rollback-missing-directory: actual_install_probe=true unchanged_catalog=true original_marker_bytes=239
selected lifecycle control Reconcile("rollback-missing-directory"): actual_probe=true catalog_receipt_unchanged=true publication_custody_checked=true
catalog control Lifecycle(Reconcile("rollback-missing-directory")): requests=5 complete=true publication_controlled=true cleanup_drained=true
selected packet: {"catalog_sha256":"9e12a4b667e0dafc498e7d43fbdddbbfae960831ca5872847a8377b3a719a090","extras":{"branch":[],"dependency":[],"torch":[]},"lock_sha256":"61fd5ba16eefe8fdd0e2728f674b2b3e428d315de5fe12a6d068e4f35be47de0","projection_sha256":"3ac91b57b7ef08e0ec80960b9fe1d96656d85f0b0fc140f471bf3776101072ba","qualified_solver":{"kind":"uv","sha256":"abdc39eab8b4ad341dca91f3823a23a343fae94bdb22ebdd9e91694415206f2f","version":"0.12.23"},"request_sha256":"997591de73ab91bc3f1fd9ab438e0cafd77cb23c1f228ea9184ac8a59ec9f336","schema":"pumas.selected-wheel-packet.v1","selected":[{"filename":"branch-2-py3-none-any.whl","id":"c59f33a4061a0e64d40a8402587d32fff729cd1c00fd40dd3bb39cd204e489ff","local":"/tmp/.tmpOlA3NP/torch-versions/.torch-catalog-fixture/c59f33a4061a0e64d40a8402587d32fff729cd1c00fd40dd3bb39cd204e489ff/branch-2-py3-none-any.whl","name":"branch","repository":"pypi","requires_python_hint":null,"sha256":"baa8e3a4db0ad56e5c7b0379efede7ebbd9d3d8a959eecc887d5beca7d8b984b","size":853,"url":"https://files.pythonhosted.org/packages/branch-2-py3-none-any.whl","version":"2","yanked":false},{"filename":"dependency-2-py3-none-any.whl","id":"1f94ba453f4ad25f98c2ed0af9acdd9767b5e753aaba80bddcbd9b511885d9c4","local":"/tmp/.tmpOlA3NP/torch-versions/.torch-catalog-fixture/1f94ba453f4ad25f98c2ed0af9acdd9767b5e753aaba80bddcbd9b511885d9c4/dependency-2-py3-none-any.whl","name":"dependency","repository":"pypi","requires_python_hint":null,"sha256":"2fab5cf7ed1f4cde3637b0fa7a2e6e1a6e97eabafdbe8d0e7c6e48ad8625c275","size":859,"url":"https://files.pythonhosted.org/packages/dependency-2-py3-none-any.whl","version":"2","yanked":false},{"filename":"torch-2.14.0+cpu-py3-none-any.whl","id":"bfcd4a21bd59cf35e8c05aed24dfc508d40fede1b1d22071f05c125f582dbd2e","local":"/tmp/.tmpOlA3NP/torch-versions/.torch-catalog-fixture/bfcd4a21bd59cf35e8c05aed24dfc508d40fede1b1d22071f05c125f582dbd2e/torch-2.14.0+cpu-py3-none-any.whl","name":"torch","repository":"pytorch","requires_python_hint":null,"sha256":"a17d743f742728e6241cc4b622a9ba2c6251f66053a8fc740a0ea7851233d56a","size":1183,"url":"https://download.pytorch.org/whl/cpu/torch-2.14.0+cpu-py3-none-any.whl","version":"2.14.0+cpu","yanked":false}],"target_observation_sha256":"73b58b34ef28d6f1a39696736be8d4656632bc592359034765b76ae6d9292c6f"}
reconciliation control rollback-missing-marker: actual_install_probe=true unchanged_catalog=true original_marker_bytes=239
selected lifecycle control Reconcile("rollback-missing-marker"): actual_probe=true catalog_receipt_unchanged=true publication_custody_checked=true
catalog control Lifecycle(Reconcile("rollback-missing-marker")): requests=5 complete=true publication_controlled=true cleanup_drained=true
selected packet: {"catalog_sha256":"d1503de60c2e1800f0c31fa2b7abadbdc042c7b49b90627736024497cdfebd06","extras":{"branch":[],"dependency":[],"torch":[]},"lock_sha256":"af94819cd78080f684b61e037908227e57140e721ff003d2a99b26d8bfcf88f3","projection_sha256":"cf9e67b9c7d1b8ff26901aa15d6f16acffc129ae896a5a5511763bca6042648b","qualified_solver":{"kind":"uv","sha256":"abdc39eab8b4ad341dca91f3823a23a343fae94bdb22ebdd9e91694415206f2f","version":"0.12.23"},"request_sha256":"b4ecbbcb4bb52d8829fe3f981485f179935da14acbcb5dd1876c31f7338f5090","schema":"pumas.selected-wheel-packet.v1","selected":[{"filename":"branch-2-py3-none-any.whl","id":"da416bf04a7eac5680030654ddf08ff7ffd4df2ce6fc15449cb8df17f1af3ca9","local":"/tmp/.tmpqD8E0K/torch-versions/.torch-catalog-fixture/da416bf04a7eac5680030654ddf08ff7ffd4df2ce6fc15449cb8df17f1af3ca9/branch-2-py3-none-any.whl","name":"branch","repository":"pypi","requires_python_hint":null,"sha256":"a1ce22ae1677ebf094077e9cac525f784b28c4264d7e1d33b81295476338ca1c","size":853,"url":"https://files.pythonhosted.org/packages/branch-2-py3-none-any.whl","version":"2","yanked":false},{"filename":"dependency-2-py3-none-any.whl","id":"49f111189ba69d4841f9e7a691290b57b628447cc2a7052b8c01cf9582e58ffd","local":"/tmp/.tmpqD8E0K/torch-versions/.torch-catalog-fixture/49f111189ba69d4841f9e7a691290b57b628447cc2a7052b8c01cf9582e58ffd/dependency-2-py3-none-any.whl","name":"dependency","repository":"pypi","requires_python_hint":null,"sha256":"93b1a3422aa308a2b063ad6739df94656ce3aa17ebaad713b07afb3105624675","size":859,"url":"https://files.pythonhosted.org/packages/dependency-2-py3-none-any.whl","version":"2","yanked":false},{"filename":"torch-2.14.0+cpu-py3-none-any.whl","id":"8db855f45cf5205484f0ae0bf96db791692bd4cccd5199878b94ade3c1896755","local":"/tmp/.tmpqD8E0K/torch-versions/.torch-catalog-fixture/8db855f45cf5205484f0ae0bf96db791692bd4cccd5199878b94ade3c1896755/torch-2.14.0+cpu-py3-none-any.whl","name":"torch","repository":"pytorch","requires_python_hint":null,"sha256":"4b94e6646f763b97ec31030c19c978ce823632b3f124265fe436498885a5bc4e","size":1183,"url":"https://download.pytorch.org/whl/cpu/torch-2.14.0+cpu-py3-none-any.whl","version":"2.14.0+cpu","yanked":false}],"target_observation_sha256":"f6930fee7c8341338ad4abea72ae505304b9b045e29f4995e2ce1ea442899c7f"}
reconciliation control missing-metadata: actual_install_probe=true unchanged_catalog=true original_marker_bytes=239
selected lifecycle control Reconcile("missing-metadata"): actual_probe=true catalog_receipt_unchanged=true publication_custody_checked=true
catalog control Lifecycle(Reconcile("missing-metadata")): requests=5 complete=true publication_controlled=true cleanup_drained=true
ok

test result: ok. 10 passed; 0 failed; 0 ignored; 0 measured; 345 filtered out; finished in 1123.62s

