   Compiling proc-macro2 v1.0.107
   Compiling libc v0.2.180
   Compiling unicode-ident v1.0.22
   Compiling quote v1.0.47
   Compiling syn v2.0.114
   Compiling cfg-if v1.0.4
   Compiling jobserver v0.1.34
   Compiling shlex v1.3.0
   Compiling find-msvc-tools v0.1.8
   Compiling cc v1.2.53
   Compiling pkg-config v0.3.32
   Compiling once_cell v1.21.3
   Compiling bitflags v2.10.0
   Compiling synstructure v0.13.2
   Compiling version_check v0.9.5
   Compiling pin-project-lite v0.2.16
   Compiling futures-core v0.3.31
   Compiling zerofrom-derive v0.1.6
   Compiling smallvec v1.15.1
   Compiling memchr v2.7.6
   Compiling zerocopy v0.8.33
   Compiling zerofrom v0.1.6
   Compiling yoke-derive v0.8.1
   Compiling stable_deref_trait v1.2.1
   Compiling vcpkg v0.2.15
   Compiling yoke v0.8.1
   Compiling futures-sink v0.3.31
   Compiling log v0.4.29
   Compiling bytes v1.11.1
   Compiling zerovec-derive v0.11.2
   Compiling displaydoc v0.2.5
   Compiling crossbeam-utils v0.8.21
   Compiling zerovec v0.11.5
   Compiling mio v1.1.1
   Compiling errno v0.3.14
   Compiling itoa v1.0.17
   Compiling slab v0.4.11
   Compiling signal-hook-registry v1.4.8
   Compiling futures-channel v0.3.31
   Compiling tokio-macros v2.6.0
   Compiling socket2 v0.6.1
   Compiling pin-utils v0.1.0
   Compiling openssl-sys v0.9.111
   Compiling tokio v1.49.0
   Compiling ahash v0.8.12
   Compiling futures-macro v0.3.31
   Compiling rustix v1.1.3
   Compiling futures-task v0.3.31
   Compiling futures-io v0.3.31
   Compiling futures-util v0.3.31
   Compiling http v1.4.0
   Compiling tinystr v0.8.2
   Compiling litemap v0.8.1
   Compiling writeable v0.6.2
   Compiling linux-raw-sys v0.11.0
   Compiling icu_locale_core v2.1.1
   Compiling potential_utf v0.1.4
   Compiling zerotrie v0.2.3
   Compiling hashbrown v0.16.1
   Compiling typenum v1.19.0
   Compiling cfg_aliases v0.2.1
   Compiling icu_properties_data v2.1.2
   Compiling icu_normalizer_data v2.1.1
   Compiling serde_core v1.0.228
   Compiling parking_lot_core v0.9.12
   Compiling scopeguard v1.2.0
   Compiling getrandom v0.3.4
   Compiling equivalent v1.0.2
   Compiling indexmap v2.13.0
   Compiling lock_api v0.4.14
   Compiling icu_provider v2.1.1
   Compiling icu_collections v2.1.1
   Compiling hashbrown v0.14.5
   Compiling http-body v1.0.1
   Compiling generic-array v0.14.7
   Compiling tracing-attributes v0.1.31
   Compiling tracing-core v0.1.36
   Compiling zstd-sys v2.0.16+zstd.1.5.7
   Compiling httparse v1.10.1
   Compiling openssl v0.10.75
   Compiling foreign-types-shared v0.1.1
   Compiling crossbeam-epoch v0.9.20
   Compiling percent-encoding v2.3.2
   Compiling foreign-types v0.3.2
   Compiling tracing v0.1.44
   Compiling tokio-util v0.7.18
   Compiling ppv-lite86 v0.2.21
   Compiling openssl-macros v0.1.1
   Compiling fnv v1.0.7
   Compiling io-lifetimes v2.0.4
   Compiling io-lifetimes v3.0.1
   Compiling ipnet v2.11.0
   Compiling tower-service v0.3.3
   Compiling serde v1.0.228
   Compiling try-lock v0.2.5
   Compiling native-tls v0.2.14
   Compiling atomic-waker v1.1.2
   Compiling h2 v0.4.16
   Compiling want v0.3.1
   Compiling icu_normalizer v2.1.1
   Compiling icu_properties v2.1.2
   Compiling serde_derive v1.0.228
   Compiling getrandom v0.2.17
   Compiling crc32fast v1.5.0
   Compiling zstd-safe v7.2.4
   Compiling rayon-core v1.13.0
   Compiling zmij v1.0.16
   Compiling autocfg v1.5.0
   Compiling openssl-probe v0.1.6
   Compiling io-extras v0.19.0
   Compiling num-traits v0.2.19
   Compiling rand_core v0.6.4
   Compiling crossbeam-deque v0.8.6
   Compiling hyper v1.8.1
   Compiling idna_adapter v1.2.1
   Compiling form_urlencoded v1.2.2
   Compiling nix v0.30.1
   Compiling libsqlite3-sys v0.30.1
   Compiling sync_wrapper v1.0.2
   Compiling bzip2-sys v0.1.13+1.0.8
   Compiling lzma-sys v0.1.20
   Compiling adler2 v2.0.1
   Compiling serde_json v1.0.149
   Compiling cap-primitives v4.0.3
   Compiling portable-atomic v1.13.0
   Compiling tower-layer v0.3.3
   Compiling simd-adler32 v0.3.8
   Compiling base64 v0.22.1
   Compiling thiserror v2.0.18
   Compiling utf8_iter v1.0.4
   Compiling hyper-util v0.1.19
   Compiling idna v1.1.0
   Compiling miniz_oxide v0.8.9
   Compiling tower v0.5.3
   Compiling fs-set-times v0.20.3
   Compiling rand_chacha v0.3.1
   Compiling tokio-native-tls v0.3.1
   Compiling block-buffer v0.10.4
   Compiling crypto-common v0.1.7
   Compiling rand_core v0.9.5
   Compiling http-body-util v0.1.3
   Compiling rustix-linux-procfs v0.1.1
   Compiling nix v0.29.0
   Compiling aho-corasick v1.1.4
   Compiling thiserror-impl v2.0.18
   Compiling raw-cpuid v11.6.0
   Compiling blake3 v1.8.3
   Compiling instant v0.1.13
   Compiling filetime v0.2.27
   Compiling inotify-sys v0.1.5
   Compiling maybe-owned v0.3.4
   Compiling either v1.15.0
   Compiling iri-string v0.7.10
   Compiling cap-std v4.0.3
   Compiling cpufeatures v0.2.17
   Compiling ambient-authority v0.0.2
   Compiling bitflags v1.3.2
   Compiling zeroize v1.8.2
   Compiling anyhow v1.0.103
   Compiling tinyvec_macros v0.1.1
   Compiling option-ext v0.2.0
   Compiling same-file v1.0.6
   Compiling ryu v1.0.22
   Compiling crc-catalog v2.4.0
   Compiling mini-moka v0.10.3
   Compiling regex-syntax v0.8.8
   Compiling crc v3.4.0
   Compiling serde_urlencoded v0.7.1
   Compiling walkdir v2.5.0
   Compiling tower-http v0.6.8
   Compiling dirs-sys v0.4.1
   Compiling tinyvec v1.13.2
   Compiling regex-automata v0.4.13
   Compiling rustls-pki-types v1.14.0
   Compiling inotify v0.10.2
   Compiling quanta v0.12.6
   Compiling rayon v1.11.0
   Compiling notify-types v1.0.1
   Compiling hyper-tls v0.6.0
   Compiling rand_chacha v0.9.0
   Compiling digest v0.10.7
   Compiling flate2 v1.1.8
   Compiling rand v0.8.6
   Compiling zstd v0.13.3
   Compiling url v2.5.8
   Compiling dashmap v6.1.0
   Compiling parking_lot v0.12.5
   Compiling dashmap v5.5.3
   Compiling hashlink v0.9.1
   Compiling spinning_top v0.3.0
   Compiling xattr v1.6.1
   Compiling futures-executor v0.3.31
   Compiling crossbeam-channel v0.5.15
   Compiling encoding_rs v0.8.35
   Compiling tagptr v0.2.0
   Compiling constant_time_eq v0.4.2
   Compiling arrayref v0.3.9
   Compiling iana-time-zone v0.1.64
   Compiling nonzero_ext v0.3.0
   Compiling fallible-streaming-iterator v0.1.9
   Compiling futures-timer v3.0.3
   Compiling zip v2.4.2
   Compiling fastrand v2.3.0
   Compiling no-std-compat v0.4.1
   Compiling arrayvec v0.7.6
   Compiling byteorder v1.5.0
   Compiling mime v0.3.17
   Compiling fallible-iterator v0.3.0
   Compiling triomphe v0.1.15
   Compiling rusqlite v0.32.1
   Compiling reqwest v0.12.28
   Compiling lzma-rs v0.3.0
   Compiling governor v0.7.0
   Compiling tempfile v3.24.0
   Compiling chrono v0.4.43
   Compiling tar v0.4.45
   Compiling futures v0.3.31
   Compiling ctrlc v3.5.1
   Compiling bzip2 v0.5.2
   Compiling xz2 v0.1.7
   Compiling rand v0.9.3
   Compiling sha2 v0.10.9
   Compiling sysinfo v0.32.1
   Compiling notify v7.0.0
   Compiling regex v1.12.2
   Compiling unicode-normalization v0.1.25
   Compiling dirs v5.0.1
   Compiling uuid v1.19.0
   Compiling async-trait v0.1.89
   Compiling fs2 v0.4.3
   Compiling semver v1.0.27
   Compiling deflate64 v0.1.10
   Compiling hex v0.4.3
   Compiling urlencoding v2.1.3
   Compiling pumas-library v0.7.0 (/workspace/pumas-selected-reconcile-fresh/rust/crates/pumas-core)
   Compiling pumas-app-manager v0.7.0 (/workspace/pumas-selected-reconcile-fresh/rust/crates/pumas-app-manager)
    Finished `test` profile [unoptimized] target(s) in 3m 57s
     Running unittests src/lib.rs (/workspace/pumas-selected-reconcile-fresh-target/debug/deps/pumas_app_manager-a6c29384ac95defc)

running 10 tests
test version_manager::installer::torch::torch_catalog_owner::tests::selected_runtime_abandoned_publication_job_retains_custody_through_metadata ... selected packet: {"catalog_sha256":"51e1799a50aebe84421f15296c614041d4424e738fbf139621e448f6bde2d1d9","extras":{"branch":[],"dependency":[],"torch":[]},"lock_sha256":"3c19117a0ca01dfefb122bd911cb9dfc70f0cb7a571bc219ee627f404231e42a","projection_sha256":"7195de08c2ffc6d4c653c2b76cee90bb31ae4851a307346f03cd97dbf77862e8","qualified_solver":{"kind":"uv","sha256":"abdc39eab8b4ad341dca91f3823a23a343fae94bdb22ebdd9e91694415206f2f","version":"0.12.23"},"request_sha256":"773b5ff13d0f3eb74684b73561d67113b2c3b4d173e3a23267296c749f0dfc35","schema":"pumas.selected-wheel-packet.v1","selected":[{"filename":"branch-2-py3-none-any.whl","id":"c0f0594ca4a63948c8a6d91e7a3e4c42ac4b1881960ae184877108a5775c5189","local":"/tmp/.tmpYhoVHh/torch-versions/.torch-catalog-fixture/c0f0594ca4a63948c8a6d91e7a3e4c42ac4b1881960ae184877108a5775c5189/branch-2-py3-none-any.whl","name":"branch","repository":"pypi","requires_python_hint":null,"sha256":"793aa36b64d82bdfff9620ecc4080d4ef7469c6d8c0d3905f9c0669b1b7786fc","size":853,"url":"https://files.pythonhosted.org/packages/branch-2-py3-none-any.whl","version":"2","yanked":false},{"filename":"dependency-2-py3-none-any.whl","id":"cf6ab824371918d09e7c3c7a432c4284875c305969175a2844f35942252d9dea","local":"/tmp/.tmpYhoVHh/torch-versions/.torch-catalog-fixture/cf6ab824371918d09e7c3c7a432c4284875c305969175a2844f35942252d9dea/dependency-2-py3-none-any.whl","name":"dependency","repository":"pypi","requires_python_hint":null,"sha256":"ffce1792aa82789d3cd9141adfa3a83eed6b624ce9d3c0176d09873d19983401","size":859,"url":"https://files.pythonhosted.org/packages/dependency-2-py3-none-any.whl","version":"2","yanked":false},{"filename":"torch-2.14.0+cpu-py3-none-any.whl","id":"63b4792d6754da45d0c2205df48467e58358ea2d2193e6e9028183f1a26de7ec","local":"/tmp/.tmpYhoVHh/torch-versions/.torch-catalog-fixture/63b4792d6754da45d0c2205df48467e58358ea2d2193e6e9028183f1a26de7ec/torch-2.14.0+cpu-py3-none-any.whl","name":"torch","repository":"pytorch","requires_python_hint":null,"sha256":"0da5b08fbb30a4d721ea0332e374c9907650574952e540e699f5886a168a8e52","size":1183,"url":"https://download.pytorch.org/whl/cpu/torch-2.14.0+cpu-py3-none-any.whl","version":"2.14.0+cpu","yanked":false}],"target_observation_sha256":"d95758923fd782fbd6ae5564a6f0990fcbc34c2b236a5cacb118ca89e9496cea"}
selected lifecycle control AbandonPublication: actual_probe=true catalog_receipt_unchanged=true publication_custody_checked=true
catalog control Lifecycle(AbandonPublication): requests=5 complete=true publication_controlled=true cleanup_drained=true
ok
test version_manager::installer::torch::torch_catalog_owner::tests::selected_runtime_actual_probe_failure_never_publishes ... selected packet: {"catalog_sha256":"24fa950d510c2bfb690ca56287875dfbcce69b508fdc708321e252930b256a3e","extras":{"branch":[],"dependency":[],"torch":[]},"lock_sha256":"24a826ef5c7c8ceb481b5a6eac131737061e655a3557571c9bb00ed8c22ccccd","projection_sha256":"46a888396b594e613976aa38916830c4a9fe57c0adba25341118c33a19183125","qualified_solver":{"kind":"uv","sha256":"abdc39eab8b4ad341dca91f3823a23a343fae94bdb22ebdd9e91694415206f2f","version":"0.12.23"},"request_sha256":"e777e8c56ab5bb29eee16c6ee059ecb9ef9428feeb4e0e948bfbbf81da8fc5f8","schema":"pumas.selected-wheel-packet.v1","selected":[{"filename":"branch-2-py3-none-any.whl","id":"d44e5ef9d31e3a7ab22e58d84bb2e70bbf859a7e6caac0733e6c951d01cab580","local":"/tmp/.tmp0Plx1l/torch-versions/.torch-catalog-fixture/d44e5ef9d31e3a7ab22e58d84bb2e70bbf859a7e6caac0733e6c951d01cab580/branch-2-py3-none-any.whl","name":"branch","repository":"pypi","requires_python_hint":null,"sha256":"49289052627a1440a111aa8bc6ce25389e2b4bb2bcf83b5a1e3d61cd0352aebc","size":853,"url":"https://files.pythonhosted.org/packages/branch-2-py3-none-any.whl","version":"2","yanked":false},{"filename":"dependency-2-py3-none-any.whl","id":"4527fb22fcda4a900f0f1abee92d74072c7d45526f5a6e1d193de679b95d19a1","local":"/tmp/.tmp0Plx1l/torch-versions/.torch-catalog-fixture/4527fb22fcda4a900f0f1abee92d74072c7d45526f5a6e1d193de679b95d19a1/dependency-2-py3-none-any.whl","name":"dependency","repository":"pypi","requires_python_hint":null,"sha256":"e995046645c6378943a54501c3cd829393585ee77ab62d9774ec2ebb813e8729","size":859,"url":"https://files.pythonhosted.org/packages/dependency-2-py3-none-any.whl","version":"2","yanked":false},{"filename":"torch-2.14.0+cpu-py3-none-any.whl","id":"3fd7158d2001e73582faae8c534e8e6aa31e5fa78b3ac016d2019e3a8671e693","local":"/tmp/.tmp0Plx1l/torch-versions/.torch-catalog-fixture/3fd7158d2001e73582faae8c534e8e6aa31e5fa78b3ac016d2019e3a8671e693/torch-2.14.0+cpu-py3-none-any.whl","name":"torch","repository":"pytorch","requires_python_hint":null,"sha256":"d914c9beaf2038758abea16ad1f36a5b6c08817c52abff0bb72a374e77449a52","size":1187,"url":"https://download.pytorch.org/whl/cpu/torch-2.14.0+cpu-py3-none-any.whl","version":"2.14.0+cpu","yanked":false}],"target_observation_sha256":"4fdfbbb177c4c5e80965e97ca791fb073fe84800d93196aa3e61aefe7d20a585"}
selected lifecycle control FailedProbe: actual_probe=true catalog_receipt_unchanged=true publication_custody_checked=true
catalog control Lifecycle(FailedProbe): requests=5 complete=true publication_controlled=true cleanup_drained=true
ok
test version_manager::installer::torch::torch_catalog_owner::tests::selected_runtime_cancelled_and_abandoned_probe_keep_custody_until_drain ... selected packet: {"catalog_sha256":"79d58603a049e8cb50a00604cab7b05e4aa21dc7fbf51d697dadb74e950e156d","extras":{"branch":[],"dependency":[],"torch":[]},"lock_sha256":"32148aae9faadb1d4688553bb859370fd2c6ab62f758dd1725baa95b481f46e5","projection_sha256":"878b9e6f5af8eb2d71f55dff0990e339b0af0dd35b63010fcdb3d3586e94f660","qualified_solver":{"kind":"uv","sha256":"abdc39eab8b4ad341dca91f3823a23a343fae94bdb22ebdd9e91694415206f2f","version":"0.12.23"},"request_sha256":"ff79dc9f014f6baacc4db79ad51a8b8d4f71200671beae52463b9380727bd4cb","schema":"pumas.selected-wheel-packet.v1","selected":[{"filename":"branch-2-py3-none-any.whl","id":"28d56c8dc3e5958b5a125607096e931dd81d92b825659decbf9940ac16418354","local":"/tmp/.tmpMS9t79/torch-versions/.torch-catalog-fixture/28d56c8dc3e5958b5a125607096e931dd81d92b825659decbf9940ac16418354/branch-2-py3-none-any.whl","name":"branch","repository":"pypi","requires_python_hint":null,"sha256":"92561e92923239f83dcbe1ddb63335604246802ec8bf09d357503018b2f085a9","size":853,"url":"https://files.pythonhosted.org/packages/branch-2-py3-none-any.whl","version":"2","yanked":false},{"filename":"dependency-2-py3-none-any.whl","id":"69a647271a083681eb5fec7dfb4fcc1d05275ceef4f989bd2883605befb4edba","local":"/tmp/.tmpMS9t79/torch-versions/.torch-catalog-fixture/69a647271a083681eb5fec7dfb4fcc1d05275ceef4f989bd2883605befb4edba/dependency-2-py3-none-any.whl","name":"dependency","repository":"pypi","requires_python_hint":null,"sha256":"2316ec61c8a755da919cfb48a60fd4792f3f638352be4c5a895ee04cd396cfd9","size":859,"url":"https://files.pythonhosted.org/packages/dependency-2-py3-none-any.whl","version":"2","yanked":false},{"filename":"torch-2.14.0+cpu-py3-none-any.whl","id":"cc94e5f50fbacb71a43aecefcce013f5f0162ba353c11b20fd29a31bede72c8d","local":"/tmp/.tmpMS9t79/torch-versions/.torch-catalog-fixture/cc94e5f50fbacb71a43aecefcce013f5f0162ba353c11b20fd29a31bede72c8d/torch-2.14.0+cpu-py3-none-any.whl","name":"torch","repository":"pytorch","requires_python_hint":null,"sha256":"0a9ab9cb43196226d8bec627d88bb4cf69d2f335ceaf748aa13a72f9b51755aa","size":1183,"url":"https://download.pytorch.org/whl/cpu/torch-2.14.0+cpu-py3-none-any.whl","version":"2.14.0+cpu","yanked":false}],"target_observation_sha256":"36eac7c6df4f8249b34fdb3db34f439f49e1c26a3851cad37395bf9f4622adc0"}
selected lifecycle control Cancel: actual_probe=true catalog_receipt_unchanged=true publication_custody_checked=true
catalog control Lifecycle(Cancel): requests=5 complete=true publication_controlled=true cleanup_drained=true
selected packet: {"catalog_sha256":"1d8ec15f6dc8c47f552621fb730681d7ed189c7a36f4e314ea197d6d92ee023b","extras":{"branch":[],"dependency":[],"torch":[]},"lock_sha256":"69fbd1c17a05c5ae9a056ab76d0e7d22248ace1e103f492bd30b33fa92f9f757","projection_sha256":"607452e956cb8dcbbc3e76fa4078db234fec6c761035190b2caf059810dec6a1","qualified_solver":{"kind":"uv","sha256":"abdc39eab8b4ad341dca91f3823a23a343fae94bdb22ebdd9e91694415206f2f","version":"0.12.23"},"request_sha256":"fc2e87278e300df3c0955dc9fc7c5acd946ddf2d53855357cd43d11e7ab4be53","schema":"pumas.selected-wheel-packet.v1","selected":[{"filename":"branch-2-py3-none-any.whl","id":"f51b67307b16a57f6794e615d52feaa04d977becc746ff23dd4fe973dc37053b","local":"/tmp/.tmpIFsRfK/torch-versions/.torch-catalog-fixture/f51b67307b16a57f6794e615d52feaa04d977becc746ff23dd4fe973dc37053b/branch-2-py3-none-any.whl","name":"branch","repository":"pypi","requires_python_hint":null,"sha256":"bfe5908a265732dc7ece4c139b45cd9d6022fb571245d92180be6bc2745d70a8","size":853,"url":"https://files.pythonhosted.org/packages/branch-2-py3-none-any.whl","version":"2","yanked":false},{"filename":"dependency-2-py3-none-any.whl","id":"c3737598fc23b8054e03e0fe0eb0364493b8c86564ee16b82f0c6e19aa6fb5af","local":"/tmp/.tmpIFsRfK/torch-versions/.torch-catalog-fixture/c3737598fc23b8054e03e0fe0eb0364493b8c86564ee16b82f0c6e19aa6fb5af/dependency-2-py3-none-any.whl","name":"dependency","repository":"pypi","requires_python_hint":null,"sha256":"9ee58f4d78a05655b1750f2d242b71c93c23e533b7e9e09cbaf5121cc9408cc8","size":859,"url":"https://files.pythonhosted.org/packages/dependency-2-py3-none-any.whl","version":"2","yanked":false},{"filename":"torch-2.14.0+cpu-py3-none-any.whl","id":"0773093db3545008441be0a62024e7beac8d9d4fbc06b7b32d3f3137d76c7a17","local":"/tmp/.tmpIFsRfK/torch-versions/.torch-catalog-fixture/0773093db3545008441be0a62024e7beac8d9d4fbc06b7b32d3f3137d76c7a17/torch-2.14.0+cpu-py3-none-any.whl","name":"torch","repository":"pytorch","requires_python_hint":null,"sha256":"60eb0858e9bfed7021084ce7398706d1d0b21c47bbb9debe1d7d73d8d45785f0","size":1183,"url":"https://download.pytorch.org/whl/cpu/torch-2.14.0+cpu-py3-none-any.whl","version":"2.14.0+cpu","yanked":false}],"target_observation_sha256":"5d481b1f8ae3853cc32e8e5709a00fc4f9d48cc04327f968012a229c3de25964"}
selected lifecycle control Abandon: actual_probe=true catalog_receipt_unchanged=true publication_custody_checked=true
catalog control Lifecycle(Abandon): requests=5 complete=true publication_controlled=true cleanup_drained=true
ok
test version_manager::installer::torch::torch_catalog_owner::tests::selected_runtime_owned_fixture_publishes_actual_probe_and_bound_record ... selected packet: {"catalog_sha256":"eafa812ca8561b98fa9c626dddbf0cce10659448dab0e5e170d7368c5a4db649","extras":{"branch":[],"dependency":[],"torch":[]},"lock_sha256":"6dd0516eedb28cb5613d39b61260eb4117b6a264ec38aa3d67f591b1aff411a2","projection_sha256":"18e726ebffbfc145e92ba4e62b42aaacd4eb810e70bba062c1b807d2bcf7fe6d","qualified_solver":{"kind":"uv","sha256":"abdc39eab8b4ad341dca91f3823a23a343fae94bdb22ebdd9e91694415206f2f","version":"0.12.23"},"request_sha256":"ab66941e11a69d0543048c8e55aaaa323c63618ec093590be9f79cf8d4ca194f","schema":"pumas.selected-wheel-packet.v1","selected":[{"filename":"branch-2-py3-none-any.whl","id":"9b258e249e81d8706418bbeadea0c22cefbab0d2f391a44fa91cce4ee02eb27b","local":"/tmp/.tmpf12VST/torch-versions/.torch-catalog-fixture/9b258e249e81d8706418bbeadea0c22cefbab0d2f391a44fa91cce4ee02eb27b/branch-2-py3-none-any.whl","name":"branch","repository":"pypi","requires_python_hint":null,"sha256":"e2a597904c424e9ea306434f9f9c1d52ef86f7c0f478b5d5853e1dd7dbac1c8e","size":853,"url":"https://files.pythonhosted.org/packages/branch-2-py3-none-any.whl","version":"2","yanked":false},{"filename":"dependency-2-py3-none-any.whl","id":"b65022748a0823d83a07d15729a624871a71634fe2593adc1e36d8e8fd5ac09d","local":"/tmp/.tmpf12VST/torch-versions/.torch-catalog-fixture/b65022748a0823d83a07d15729a624871a71634fe2593adc1e36d8e8fd5ac09d/dependency-2-py3-none-any.whl","name":"dependency","repository":"pypi","requires_python_hint":null,"sha256":"9694b51336c13672a2c43ee47647f2f30e723cd2a07c355f245bc50360d7ab0b","size":859,"url":"https://files.pythonhosted.org/packages/dependency-2-py3-none-any.whl","version":"2","yanked":false},{"filename":"torch-2.14.0+cpu-py3-none-any.whl","id":"30b52d66c22d26212ebb5114e18bb268581da62aeb96d17bb6679cae7106be78","local":"/tmp/.tmpf12VST/torch-versions/.torch-catalog-fixture/30b52d66c22d26212ebb5114e18bb268581da62aeb96d17bb6679cae7106be78/torch-2.14.0+cpu-py3-none-any.whl","name":"torch","repository":"pytorch","requires_python_hint":null,"sha256":"990560b2685836ab0054b4ffe9e0a81aa7b61af5855e86b39fab7e82cc42e8d1","size":1183,"url":"https://download.pytorch.org/whl/cpu/torch-2.14.0+cpu-py3-none-any.whl","version":"2.14.0+cpu","yanked":false}],"target_observation_sha256":"ba0cd0ed5bc9dd6636c8610bec9c8642d01915cdb32b7f05a48286babfa77b68"}
selected lifecycle control Success: actual_probe=true catalog_receipt_unchanged=true publication_custody_checked=true
catalog control Lifecycle(Success): requests=5 complete=true publication_controlled=true cleanup_drained=true
ok
test version_manager::installer::torch::torch_catalog_owner::tests::selected_runtime_post_probe_mutations_refuse_publication ... selected packet: {"catalog_sha256":"661845ebf4783bd88e93514f5fa8a20b41dc2ed5b3d7a9c79ac77a1d86772a2f","extras":{"branch":[],"dependency":[],"torch":[]},"lock_sha256":"45de3975c3941243f9176257cb452ecfebb74ebd8ca838030278f84d66fbdcbd","projection_sha256":"21788d9fe76def7d4cd3691fd12ca680fda224e1e8bb6a5e406c44bc4a42dd3b","qualified_solver":{"kind":"uv","sha256":"abdc39eab8b4ad341dca91f3823a23a343fae94bdb22ebdd9e91694415206f2f","version":"0.12.23"},"request_sha256":"2b9b67dbe9d81f956f8f83469256e78ab6d7a4b5a327725ce9f76206c8701fd1","schema":"pumas.selected-wheel-packet.v1","selected":[{"filename":"branch-2-py3-none-any.whl","id":"c9e803aa32c5f845fc5a2c1ff74b1e210e6720211447b0d3340ec840b2704727","local":"/tmp/.tmpmvYpdc/torch-versions/.torch-catalog-fixture/c9e803aa32c5f845fc5a2c1ff74b1e210e6720211447b0d3340ec840b2704727/branch-2-py3-none-any.whl","name":"branch","repository":"pypi","requires_python_hint":null,"sha256":"c9407e1a91c9dd1aa3eee89fcd74d592ff415c75d94a2d233c33e6da1a6a0db9","size":853,"url":"https://files.pythonhosted.org/packages/branch-2-py3-none-any.whl","version":"2","yanked":false},{"filename":"dependency-2-py3-none-any.whl","id":"59159d839e11aa161e01a6f1aca5551e5a1bafc060c453fee92d9529ba030497","local":"/tmp/.tmpmvYpdc/torch-versions/.torch-catalog-fixture/59159d839e11aa161e01a6f1aca5551e5a1bafc060c453fee92d9529ba030497/dependency-2-py3-none-any.whl","name":"dependency","repository":"pypi","requires_python_hint":null,"sha256":"729f41f28060017a119a951fa5939bb845b6cbbb559101ab0dfd49f3cb7d2f9a","size":859,"url":"https://files.pythonhosted.org/packages/dependency-2-py3-none-any.whl","version":"2","yanked":false},{"filename":"torch-2.14.0+cpu-py3-none-any.whl","id":"4e407ff87838dd91b13cfa6a4b8ade8e2738a127bd53d79c93676c0205c71e24","local":"/tmp/.tmpmvYpdc/torch-versions/.torch-catalog-fixture/4e407ff87838dd91b13cfa6a4b8ade8e2738a127bd53d79c93676c0205c71e24/torch-2.14.0+cpu-py3-none-any.whl","name":"torch","repository":"pytorch","requires_python_hint":null,"sha256":"e72a0af2a8e8b73b4b8e2f367427380edd96acfdd96501e1635d247d3bf17b04","size":1183,"url":"https://download.pytorch.org/whl/cpu/torch-2.14.0+cpu-py3-none-any.whl","version":"2.14.0+cpu","yanked":false}],"target_observation_sha256":"1a0cdf1a8aae907a815a0960f941d21fc9b5e34c68ee3f73d271876d5ba5ffa2"}
selected lifecycle control Mutation("member"): actual_probe=true catalog_receipt_unchanged=true publication_custody_checked=true
catalog control Lifecycle(Mutation("member")): requests=5 complete=true publication_controlled=true cleanup_drained=true
selected packet: {"catalog_sha256":"6e2d53d73c3df9954991688513a70cae3e66676b54a80c5e926a972877385dce","extras":{"branch":[],"dependency":[],"torch":[]},"lock_sha256":"55b4c658b5ce96193c1db969ce4ceb8e6398a07d03ab95c35dc0aefa774d4ea4","projection_sha256":"92bb85c59253fc62a920cd545489e15ac48521bb40797be29eb8648962c52e57","qualified_solver":{"kind":"uv","sha256":"abdc39eab8b4ad341dca91f3823a23a343fae94bdb22ebdd9e91694415206f2f","version":"0.12.23"},"request_sha256":"702c9bd55734734b79f6d5136faf665db3fab1d3d05a1163ed15ffdbb2d56732","schema":"pumas.selected-wheel-packet.v1","selected":[{"filename":"branch-2-py3-none-any.whl","id":"a6c5e2c326035875d9120fb0ac943351bee33263ea9ea30df672f65da1786a49","local":"/tmp/.tmpXwJZKg/torch-versions/.torch-catalog-fixture/a6c5e2c326035875d9120fb0ac943351bee33263ea9ea30df672f65da1786a49/branch-2-py3-none-any.whl","name":"branch","repository":"pypi","requires_python_hint":null,"sha256":"820d57afed621f70cbdf47b15f65e376d3100e7efacd32ea552003e047c4c811","size":853,"url":"https://files.pythonhosted.org/packages/branch-2-py3-none-any.whl","version":"2","yanked":false},{"filename":"dependency-2-py3-none-any.whl","id":"49feca181fd85afd48daead5d6af0ad5f49efd863be1e5f9d5f1fb8f58bf9757","local":"/tmp/.tmpXwJZKg/torch-versions/.torch-catalog-fixture/49feca181fd85afd48daead5d6af0ad5f49efd863be1e5f9d5f1fb8f58bf9757/dependency-2-py3-none-any.whl","name":"dependency","repository":"pypi","requires_python_hint":null,"sha256":"d0b04efdbb8b464d96a061972ae1a1a84d7cc5ed3347e09512991d462e79305e","size":859,"url":"https://files.pythonhosted.org/packages/dependency-2-py3-none-any.whl","version":"2","yanked":false},{"filename":"torch-2.14.0+cpu-py3-none-any.whl","id":"e53ad3317133e60d68a4bc3b4e8f1c613691c887b6a3ac54dfb0aec8febf7156","local":"/tmp/.tmpXwJZKg/torch-versions/.torch-catalog-fixture/e53ad3317133e60d68a4bc3b4e8f1c613691c887b6a3ac54dfb0aec8febf7156/torch-2.14.0+cpu-py3-none-any.whl","name":"torch","repository":"pytorch","requires_python_hint":null,"sha256":"6761c901e563d1e2d62e65d7e0da67cf3197ff8e21c686f3725734a17c083f0d","size":1183,"url":"https://download.pytorch.org/whl/cpu/torch-2.14.0+cpu-py3-none-any.whl","version":"2.14.0+cpu","yanked":false}],"target_observation_sha256":"6ba67b25137774bc2706705f3130a6e67d3890505e62ef8c2ee64f96177b6d06"}
selected lifecycle control Mutation("record"): actual_probe=true catalog_receipt_unchanged=true publication_custody_checked=true
catalog control Lifecycle(Mutation("record")): requests=5 complete=true publication_controlled=true cleanup_drained=true
selected packet: {"catalog_sha256":"528aa1f98bcd4533fdedd6c2ee8e0bcd800ed113c6b965232cc49e53f3fc1932","extras":{"branch":[],"dependency":[],"torch":[]},"lock_sha256":"1179eeca54e46f335025ba0a6a012e3d2e0a97487a2b021bf8054c0720fecb00","projection_sha256":"3c94f4a368cb0e176a7bc36d0f4a5ad16788cb41283621c737426cac71089d6d","qualified_solver":{"kind":"uv","sha256":"abdc39eab8b4ad341dca91f3823a23a343fae94bdb22ebdd9e91694415206f2f","version":"0.12.23"},"request_sha256":"ed6c063d6b880b6be51b205547103967e9c50ec00175d9b0da1b732c4a6d4542","schema":"pumas.selected-wheel-packet.v1","selected":[{"filename":"branch-2-py3-none-any.whl","id":"082e59d847e2d5c579b5d9b2eb3659e3056547dac00b7890940a43cb845a493d","local":"/tmp/.tmpsfZ4xr/torch-versions/.torch-catalog-fixture/082e59d847e2d5c579b5d9b2eb3659e3056547dac00b7890940a43cb845a493d/branch-2-py3-none-any.whl","name":"branch","repository":"pypi","requires_python_hint":null,"sha256":"8d2c90d28be6d14dc603485df7080e1e268f94ab3a00e25ed39827cf1f8f47ad","size":853,"url":"https://files.pythonhosted.org/packages/branch-2-py3-none-any.whl","version":"2","yanked":false},{"filename":"dependency-2-py3-none-any.whl","id":"ff450f0d6927204ed7c3475a08d161f655049b03bbaee5f9406ccca02762e57f","local":"/tmp/.tmpsfZ4xr/torch-versions/.torch-catalog-fixture/ff450f0d6927204ed7c3475a08d161f655049b03bbaee5f9406ccca02762e57f/dependency-2-py3-none-any.whl","name":"dependency","repository":"pypi","requires_python_hint":null,"sha256":"32acb75ffe21c8b5bfae8fe5af2b66291848cca0985f94d60b392d99eac79686","size":859,"url":"https://files.pythonhosted.org/packages/dependency-2-py3-none-any.whl","version":"2","yanked":false},{"filename":"torch-2.14.0+cpu-py3-none-any.whl","id":"c64360dacda1d8f1d8a16a3b147dafdaaf6c7fb137c3ba9c8db6417d14e88490","local":"/tmp/.tmpsfZ4xr/torch-versions/.torch-catalog-fixture/c64360dacda1d8f1d8a16a3b147dafdaaf6c7fb137c3ba9c8db6417d14e88490/torch-2.14.0+cpu-py3-none-any.whl","name":"torch","repository":"pytorch","requires_python_hint":null,"sha256":"84b1fdf5573af655ee4bf2a359cef3be37256dbf43ca92e0d95de8c4a4913540","size":1183,"url":"https://download.pytorch.org/whl/cpu/torch-2.14.0+cpu-py3-none-any.whl","version":"2.14.0+cpu","yanked":false}],"target_observation_sha256":"65f8ecb5391932d02eb06681dffefd740a03c4ab80d53942e767ed99fd29423b"}
selected lifecycle control Mutation("provider"): actual_probe=true catalog_receipt_unchanged=true publication_custody_checked=true
catalog control Lifecycle(Mutation("provider")): requests=5 complete=true publication_controlled=true cleanup_drained=true
selected packet: {"catalog_sha256":"8d0f7fa86de0f7effecb6901e001744edb3459b3cdc73a24f3a7b034e1e095bd","extras":{"branch":[],"dependency":[],"torch":[]},"lock_sha256":"6e5abe315330661b8a2ac998958e5d4531edd6dc046d851bd9a03f499d08491b","projection_sha256":"08cad32b31de8c231fba7bc47f3ed9d40730b33012a48451af13e33ad8c6ef63","qualified_solver":{"kind":"uv","sha256":"abdc39eab8b4ad341dca91f3823a23a343fae94bdb22ebdd9e91694415206f2f","version":"0.12.23"},"request_sha256":"de48717bde089404253345a84c3846bba3f677facb17f8c4767c4cf20660a227","schema":"pumas.selected-wheel-packet.v1","selected":[{"filename":"branch-2-py3-none-any.whl","id":"560949700731f13edfab0f7861d7713a9743d362e4ecf9be11c6f9bf5048ffb8","local":"/tmp/.tmpTdSLRN/torch-versions/.torch-catalog-fixture/560949700731f13edfab0f7861d7713a9743d362e4ecf9be11c6f9bf5048ffb8/branch-2-py3-none-any.whl","name":"branch","repository":"pypi","requires_python_hint":null,"sha256":"1f79e3f4fa29469abf82324bda523376fafdfe5687342b35c528f9b8c597aa1f","size":853,"url":"https://files.pythonhosted.org/packages/branch-2-py3-none-any.whl","version":"2","yanked":false},{"filename":"dependency-2-py3-none-any.whl","id":"fff88479bdc6b0de70b473917550f4f68cc164b52bb703c2afbe9f85ffd331df","local":"/tmp/.tmpTdSLRN/torch-versions/.torch-catalog-fixture/fff88479bdc6b0de70b473917550f4f68cc164b52bb703c2afbe9f85ffd331df/dependency-2-py3-none-any.whl","name":"dependency","repository":"pypi","requires_python_hint":null,"sha256":"ca76d6af5593ce54e2f94aa6e6a709ce2615d6e125498facfe3f4e9c4cf194df","size":859,"url":"https://files.pythonhosted.org/packages/dependency-2-py3-none-any.whl","version":"2","yanked":false},{"filename":"torch-2.14.0+cpu-py3-none-any.whl","id":"bf5506fa0d5bfc0b1798debca90d291699b6a841c978fb1e5fd9388a6bf8be81","local":"/tmp/.tmpTdSLRN/torch-versions/.torch-catalog-fixture/bf5506fa0d5bfc0b1798debca90d291699b6a841c978fb1e5fd9388a6bf8be81/torch-2.14.0+cpu-py3-none-any.whl","name":"torch","repository":"pytorch","requires_python_hint":null,"sha256":"28e3c23737edc82d0e1530b2be802cb00f9965428d38eefa6aeb719ec20bf319","size":1183,"url":"https://download.pytorch.org/whl/cpu/torch-2.14.0+cpu-py3-none-any.whl","version":"2.14.0+cpu","yanked":false}],"target_observation_sha256":"3f1dd6b6956d87b414fcb780de3c01730e588fe1378e36ad6e9b2e9634156bf8"}
selected lifecycle control Mutation("executable"): actual_probe=true catalog_receipt_unchanged=true publication_custody_checked=true
catalog control Lifecycle(Mutation("executable")): requests=5 complete=true publication_controlled=true cleanup_drained=true
selected packet: {"catalog_sha256":"cbfd8aa06235033f177f5e4e181a4372e9b29b3da0c2f70fbc1374f9c9287c93","extras":{"branch":[],"dependency":[],"torch":[]},"lock_sha256":"09f80b6d98baacba14fe82ac6561b16b8b7dcd78d130fdf0ff496a979368e714","projection_sha256":"23638da1517373fe19b6c74c592e4a7966b3346efe32a5e395a41fc8a2056374","qualified_solver":{"kind":"uv","sha256":"abdc39eab8b4ad341dca91f3823a23a343fae94bdb22ebdd9e91694415206f2f","version":"0.12.23"},"request_sha256":"7040688c0321687b83a54e99df9d58dc27169eb647797065a9e62b28a680cc5c","schema":"pumas.selected-wheel-packet.v1","selected":[{"filename":"branch-2-py3-none-any.whl","id":"c2889a2dbc45f4dcf4a5650e3708482a45fcbc4397d1c7ef2680d3d61a857ec1","local":"/tmp/.tmpzYNZLh/torch-versions/.torch-catalog-fixture/c2889a2dbc45f4dcf4a5650e3708482a45fcbc4397d1c7ef2680d3d61a857ec1/branch-2-py3-none-any.whl","name":"branch","repository":"pypi","requires_python_hint":null,"sha256":"8adac4691b27999eeeb7472a7702df23517bd66feb0eff32ee321e7d8dece594","size":853,"url":"https://files.pythonhosted.org/packages/branch-2-py3-none-any.whl","version":"2","yanked":false},{"filename":"dependency-2-py3-none-any.whl","id":"332a709da4b3ea97ed463fcefb5fa0d15ce8b51da1b5073423c5ad4737c2a85d","local":"/tmp/.tmpzYNZLh/torch-versions/.torch-catalog-fixture/332a709da4b3ea97ed463fcefb5fa0d15ce8b51da1b5073423c5ad4737c2a85d/dependency-2-py3-none-any.whl","name":"dependency","repository":"pypi","requires_python_hint":null,"sha256":"7790a7fbfd0b59ba743e0d9623a8b091ebf15c7c2f5d1a4a2f4b57688b2f2f57","size":859,"url":"https://files.pythonhosted.org/packages/dependency-2-py3-none-any.whl","version":"2","yanked":false},{"filename":"torch-2.14.0+cpu-py3-none-any.whl","id":"2355331475c83936ce8d8a1bd88eba83218173763b7b4eb2896932b03a93c064","local":"/tmp/.tmpzYNZLh/torch-versions/.torch-catalog-fixture/2355331475c83936ce8d8a1bd88eba83218173763b7b4eb2896932b03a93c064/torch-2.14.0+cpu-py3-none-any.whl","name":"torch","repository":"pytorch","requires_python_hint":null,"sha256":"310822bc93a940e730fe98c1d5c610e96ef38f8a73b448df136968beb0301e24","size":1183,"url":"https://download.pytorch.org/whl/cpu/torch-2.14.0+cpu-py3-none-any.whl","version":"2.14.0+cpu","yanked":false}],"target_observation_sha256":"d06f66e117761657a06bb6681db60c635550681bf4e4da5fd2d1b0dd878449c9"}
selected lifecycle control Mutation("producer"): actual_probe=true catalog_receipt_unchanged=true publication_custody_checked=true
catalog control Lifecycle(Mutation("producer")): requests=5 complete=true publication_controlled=true cleanup_drained=true
selected packet: {"catalog_sha256":"c2cbff6e72662a77c7687233694e3a242a7dc024b97e85a2149f4355d389ae9e","extras":{"branch":[],"dependency":[],"torch":[]},"lock_sha256":"17f83d386692d34f6d9fa63df0efa09fb672c1d6444564308ab4dd490853d8f0","projection_sha256":"a2294a55c424f4a85a961b5f71a36e82240ecb365d60fffa3dd2b0a23797a396","qualified_solver":{"kind":"uv","sha256":"abdc39eab8b4ad341dca91f3823a23a343fae94bdb22ebdd9e91694415206f2f","version":"0.12.23"},"request_sha256":"a589d15a46890b4555d71fdb471e23b28dd23dbb48e448a688ecc8a3ad550fcd","schema":"pumas.selected-wheel-packet.v1","selected":[{"filename":"branch-2-py3-none-any.whl","id":"20f54861021a57a7868a503931eaa97f9432b232a569549fa29be78074af6753","local":"/tmp/.tmpHUqjZt/torch-versions/.torch-catalog-fixture/20f54861021a57a7868a503931eaa97f9432b232a569549fa29be78074af6753/branch-2-py3-none-any.whl","name":"branch","repository":"pypi","requires_python_hint":null,"sha256":"19764ad4181c0f595255a312591f13ed26de1e09eb7fc770f89ff0686bd3a239","size":853,"url":"https://files.pythonhosted.org/packages/branch-2-py3-none-any.whl","version":"2","yanked":false},{"filename":"dependency-2-py3-none-any.whl","id":"97e60958febe7ad42d129d94ea5cc073845a7bf9f6e3faecbf713fe6f2a10ed5","local":"/tmp/.tmpHUqjZt/torch-versions/.torch-catalog-fixture/97e60958febe7ad42d129d94ea5cc073845a7bf9f6e3faecbf713fe6f2a10ed5/dependency-2-py3-none-any.whl","name":"dependency","repository":"pypi","requires_python_hint":null,"sha256":"c2947ff3dde82e23c76fdc6754834ae2b0aeaccd5dc5f6fa371a60292bea1be9","size":859,"url":"https://files.pythonhosted.org/packages/dependency-2-py3-none-any.whl","version":"2","yanked":false},{"filename":"torch-2.14.0+cpu-py3-none-any.whl","id":"4a4ad8a968ecf24603b242f6bcfbd527d8be3d76b98cab02b537b84408cbda67","local":"/tmp/.tmpHUqjZt/torch-versions/.torch-catalog-fixture/4a4ad8a968ecf24603b242f6bcfbd527d8be3d76b98cab02b537b84408cbda67/torch-2.14.0+cpu-py3-none-any.whl","name":"torch","repository":"pytorch","requires_python_hint":null,"sha256":"ba0f5ee177a40af22c30bfae73db9390f9b10ea5dac5bfe6665fd129262cc9f4","size":1183,"url":"https://download.pytorch.org/whl/cpu/torch-2.14.0+cpu-py3-none-any.whl","version":"2.14.0+cpu","yanked":false}],"target_observation_sha256":"09bd6b9bf9df335b4a87099892dcda1cf6aaad645c974adfff0a04f388141783"}
selected lifecycle control Mutation("target"): actual_probe=true catalog_receipt_unchanged=true publication_custody_checked=true
catalog control Lifecycle(Mutation("target")): requests=5 complete=true publication_controlled=true cleanup_drained=true
selected packet: {"catalog_sha256":"c2c6d46f90a4664a3531058633d832c027ec39ba4c22f8752c230d7ef4aa7a88","extras":{"branch":[],"dependency":[],"torch":[]},"lock_sha256":"0226f2011f78a388ae359bc1b7c6356aca2bbe26ea51e7335bc0e708f3720bab","projection_sha256":"ed7f17f35503064d692683027bc1820d27732899c3fd274a2c43ddff06be750f","qualified_solver":{"kind":"uv","sha256":"abdc39eab8b4ad341dca91f3823a23a343fae94bdb22ebdd9e91694415206f2f","version":"0.12.23"},"request_sha256":"315cefa1b27e980430895c79df41f4cf4de811082982adf7bc6f0e3f3ddf3206","schema":"pumas.selected-wheel-packet.v1","selected":[{"filename":"branch-2-py3-none-any.whl","id":"40927101441dd923cf9e66e2158eda02dcc71f3716958a261cc775f4945db859","local":"/tmp/.tmpn3yCBv/torch-versions/.torch-catalog-fixture/40927101441dd923cf9e66e2158eda02dcc71f3716958a261cc775f4945db859/branch-2-py3-none-any.whl","name":"branch","repository":"pypi","requires_python_hint":null,"sha256":"d1c4d27f71cce93eee2a1238c2c66a17e2736e7395ea06e27173fe3d7219bfd8","size":853,"url":"https://files.pythonhosted.org/packages/branch-2-py3-none-any.whl","version":"2","yanked":false},{"filename":"dependency-2-py3-none-any.whl","id":"d734a9d64ab05e5d32eb6a542d3130b49db29a978f6e3baa7bf6bc35b63208e1","local":"/tmp/.tmpn3yCBv/torch-versions/.torch-catalog-fixture/d734a9d64ab05e5d32eb6a542d3130b49db29a978f6e3baa7bf6bc35b63208e1/dependency-2-py3-none-any.whl","name":"dependency","repository":"pypi","requires_python_hint":null,"sha256":"eb98455eaa6a36cdb615754a0ef5886fae3b80f2c97d59764b681f46b2e80cae","size":859,"url":"https://files.pythonhosted.org/packages/dependency-2-py3-none-any.whl","version":"2","yanked":false},{"filename":"torch-2.14.0+cpu-py3-none-any.whl","id":"692b2cf23a9e30f2a21a6456a9b637629d2344dcaa93a4c31016c71c1e22cb07","local":"/tmp/.tmpn3yCBv/torch-versions/.torch-catalog-fixture/692b2cf23a9e30f2a21a6456a9b637629d2344dcaa93a4c31016c71c1e22cb07/torch-2.14.0+cpu-py3-none-any.whl","name":"torch","repository":"pytorch","requires_python_hint":null,"sha256":"211d1b069a5e564bf7ea20c996810e09fd482efceeb84e30debb3ff5b4397958","size":1183,"url":"https://download.pytorch.org/whl/cpu/torch-2.14.0+cpu-py3-none-any.whl","version":"2.14.0+cpu","yanked":false}],"target_observation_sha256":"e3f3c2ab4ed128cc72b776481f050a8dbb95983fa70d1c39c61f631e4199f6c3"}
selected lifecycle control Mutation("catalog"): actual_probe=true catalog_receipt_unchanged=true publication_custody_checked=true
catalog control Lifecycle(Mutation("catalog")): requests=5 complete=true publication_controlled=true cleanup_drained=true
selected packet: {"catalog_sha256":"3d207d8b17a7236b23b87de954ab130aa7d746a92e1e554fb3c65ff7f882b47f","extras":{"branch":[],"dependency":[],"torch":[]},"lock_sha256":"4669fbbb4b366d22a2a0f1668efaa3ff601f735318ebe9262794cfcce677f207","projection_sha256":"ab2453dab54e71073831824aabacb398e94f0f691bdd6236156cacad9e31b7fa","qualified_solver":{"kind":"uv","sha256":"abdc39eab8b4ad341dca91f3823a23a343fae94bdb22ebdd9e91694415206f2f","version":"0.12.23"},"request_sha256":"dcc5306bba9bd093a8f9291e1c22986165ba834797762d1009e333bac99a2d96","schema":"pumas.selected-wheel-packet.v1","selected":[{"filename":"branch-2-py3-none-any.whl","id":"5b99693d1acc8cb30187ee20a01d49f0911df27ec64e345b7d10670b2186e123","local":"/tmp/.tmpwYvFUx/torch-versions/.torch-catalog-fixture/5b99693d1acc8cb30187ee20a01d49f0911df27ec64e345b7d10670b2186e123/branch-2-py3-none-any.whl","name":"branch","repository":"pypi","requires_python_hint":null,"sha256":"aca469fe1386ca8a9fd9b1896d7a6753bf6d3ceba56734c578895572781e80ba","size":853,"url":"https://files.pythonhosted.org/packages/branch-2-py3-none-any.whl","version":"2","yanked":false},{"filename":"dependency-2-py3-none-any.whl","id":"3749a442955bc17d2215f0765a9f503d005a54e7d094d0f62b771443feb96529","local":"/tmp/.tmpwYvFUx/torch-versions/.torch-catalog-fixture/3749a442955bc17d2215f0765a9f503d005a54e7d094d0f62b771443feb96529/dependency-2-py3-none-any.whl","name":"dependency","repository":"pypi","requires_python_hint":null,"sha256":"2037dec77e6a25d9b1e0e0c1442fcafe55561b6ecbfde2ca264dbaf281499bd7","size":859,"url":"https://files.pythonhosted.org/packages/dependency-2-py3-none-any.whl","version":"2","yanked":false},{"filename":"torch-2.14.0+cpu-py3-none-any.whl","id":"fb7ea175772da6360700f266ac948b15f4e01130bb5938d43569bd3165f740f1","local":"/tmp/.tmpwYvFUx/torch-versions/.torch-catalog-fixture/fb7ea175772da6360700f266ac948b15f4e01130bb5938d43569bd3165f740f1/torch-2.14.0+cpu-py3-none-any.whl","name":"torch","repository":"pytorch","requires_python_hint":null,"sha256":"a0a92725b7742d6968144d7d0cdc399f6591787e74487e436a24f0d0111e28ac","size":1183,"url":"https://download.pytorch.org/whl/cpu/torch-2.14.0+cpu-py3-none-any.whl","version":"2.14.0+cpu","yanked":false}],"target_observation_sha256":"0f95d4928144f6f622169f4b33685652950441a1490679a36551010e37d6b36f"}
selected lifecycle control Mutation("lock"): actual_probe=true catalog_receipt_unchanged=true publication_custody_checked=true
catalog control Lifecycle(Mutation("lock")): requests=5 complete=true publication_controlled=true cleanup_drained=true
selected packet: {"catalog_sha256":"eb757cace10e9538cc8e0daaa5419a052685d735819a7e4b3e9bec3ca1bbd896","extras":{"branch":[],"dependency":[],"torch":[]},"lock_sha256":"9bfbafa61acead87847f152b2cc546a06f313ab33670ad2b88b61adcfcefe590","projection_sha256":"7836eeba2e3806af6a873eae08376c4d416bd5b18d6134f4c92dfb4e919b12dc","qualified_solver":{"kind":"uv","sha256":"abdc39eab8b4ad341dca91f3823a23a343fae94bdb22ebdd9e91694415206f2f","version":"0.12.23"},"request_sha256":"1df6bc975c3d9b4a16089f2283c76b8f380ee172d49384255e182c5538fdb915","schema":"pumas.selected-wheel-packet.v1","selected":[{"filename":"branch-2-py3-none-any.whl","id":"0b13162d1ecaef194a649a4bc99b75222e2c720b61ca34149bf8ab7283f09a4b","local":"/tmp/.tmpvglNS4/torch-versions/.torch-catalog-fixture/0b13162d1ecaef194a649a4bc99b75222e2c720b61ca34149bf8ab7283f09a4b/branch-2-py3-none-any.whl","name":"branch","repository":"pypi","requires_python_hint":null,"sha256":"b20cac225bf1701e5d81e110f79e626ccbae32c4f2b83bc9416f72d4edca9ff4","size":853,"url":"https://files.pythonhosted.org/packages/branch-2-py3-none-any.whl","version":"2","yanked":false},{"filename":"dependency-2-py3-none-any.whl","id":"61e57be92ca52591396043439116da8d3e59ab5517738b881203cc3876d394c6","local":"/tmp/.tmpvglNS4/torch-versions/.torch-catalog-fixture/61e57be92ca52591396043439116da8d3e59ab5517738b881203cc3876d394c6/dependency-2-py3-none-any.whl","name":"dependency","repository":"pypi","requires_python_hint":null,"sha256":"d5b63977f7b5276b51e1b5ab0ddb499c0c198a7521fbe5f939e6c9581bc26e11","size":859,"url":"https://files.pythonhosted.org/packages/dependency-2-py3-none-any.whl","version":"2","yanked":false},{"filename":"torch-2.14.0+cpu-py3-none-any.whl","id":"20e3bfb4f0071d6f3d852868754aee03f14bb2e4590edf475491aab6be0d35fc","local":"/tmp/.tmpvglNS4/torch-versions/.torch-catalog-fixture/20e3bfb4f0071d6f3d852868754aee03f14bb2e4590edf475491aab6be0d35fc/torch-2.14.0+cpu-py3-none-any.whl","name":"torch","repository":"pytorch","requires_python_hint":null,"sha256":"5db246601846da22386aaab220123f0839acde9e8e8a0a795c59de12c090519a","size":1183,"url":"https://download.pytorch.org/whl/cpu/torch-2.14.0+cpu-py3-none-any.whl","version":"2.14.0+cpu","yanked":false}],"target_observation_sha256":"ad10f4f600e02fc43d1d657dbcbbe050239b70fa3c407b0c4ffcb7be0d34be72"}
selected lifecycle control Mutation("projection"): actual_probe=true catalog_receipt_unchanged=true publication_custody_checked=true
catalog control Lifecycle(Mutation("projection")): requests=5 complete=true publication_controlled=true cleanup_drained=true
selected packet: {"catalog_sha256":"1df1101aa9c9e17442f3f46617c3df035cfa8d10e5756150b70b8fbcee88ac8b","extras":{"branch":[],"dependency":[],"torch":[]},"lock_sha256":"03b5145588f81771d9c6b8b2fa9b066a763ad3729d7fc06316d4a09de7f682e0","projection_sha256":"983591a46de345e1ce5e730649811e524d3a6bf7cb5c2e44656586ffc8a630ee","qualified_solver":{"kind":"uv","sha256":"abdc39eab8b4ad341dca91f3823a23a343fae94bdb22ebdd9e91694415206f2f","version":"0.12.23"},"request_sha256":"ddf940cb4c1020673734e0e25cbcb191f5985e722ca8fca4ba042e5ba10f03f7","schema":"pumas.selected-wheel-packet.v1","selected":[{"filename":"branch-2-py3-none-any.whl","id":"e78d0735f4d2c8cc07488a12cf546618838e825597ac943b249d5224950908fc","local":"/tmp/.tmp8WcpEr/torch-versions/.torch-catalog-fixture/e78d0735f4d2c8cc07488a12cf546618838e825597ac943b249d5224950908fc/branch-2-py3-none-any.whl","name":"branch","repository":"pypi","requires_python_hint":null,"sha256":"499b3cc87c2756483c900eb44b4913c15d91de71557fded33e9f82b19de30675","size":853,"url":"https://files.pythonhosted.org/packages/branch-2-py3-none-any.whl","version":"2","yanked":false},{"filename":"dependency-2-py3-none-any.whl","id":"6e5ab244a4d6c52458640152749627f50a126d5d331794c503a72da15586b71f","local":"/tmp/.tmp8WcpEr/torch-versions/.torch-catalog-fixture/6e5ab244a4d6c52458640152749627f50a126d5d331794c503a72da15586b71f/dependency-2-py3-none-any.whl","name":"dependency","repository":"pypi","requires_python_hint":null,"sha256":"026ac2e47ba434106a71e830ecd3dfaf4a7fce5aac705b0d4f40023026d0df9b","size":859,"url":"https://files.pythonhosted.org/packages/dependency-2-py3-none-any.whl","version":"2","yanked":false},{"filename":"torch-2.14.0+cpu-py3-none-any.whl","id":"002e22b75f258a523a312cf142c9c907b1c044aa6682cb1f450d1460d8987df7","local":"/tmp/.tmp8WcpEr/torch-versions/.torch-catalog-fixture/002e22b75f258a523a312cf142c9c907b1c044aa6682cb1f450d1460d8987df7/torch-2.14.0+cpu-py3-none-any.whl","name":"torch","repository":"pytorch","requires_python_hint":null,"sha256":"cfffb7cfd584c97dae7a1867a2496496844259c38130191d11a239737218e921","size":1183,"url":"https://download.pytorch.org/whl/cpu/torch-2.14.0+cpu-py3-none-any.whl","version":"2.14.0+cpu","yanked":false}],"target_observation_sha256":"4f43d7fa9d390879c026ccccc5be340f98f9900c04108d55dd529579a28c29e0"}
selected lifecycle control Mutation("packet"): actual_probe=true catalog_receipt_unchanged=true publication_custody_checked=true
catalog control Lifecycle(Mutation("packet")): requests=5 complete=true publication_controlled=true cleanup_drained=true
selected packet: {"catalog_sha256":"539b4caa12c1cd6b088581cf59337662e73e98ff349aca8d0d87650b4df528a0","extras":{"branch":[],"dependency":[],"torch":[]},"lock_sha256":"7115bf0d50cfcbd1906cca9bcdd9ae8cd2bf2aeb66aefb5618e0af9763b0a28d","projection_sha256":"c95f2edf93da69136324d491c4b0a784352c0d44cf9ac837d03508ca95e5b205","qualified_solver":{"kind":"uv","sha256":"abdc39eab8b4ad341dca91f3823a23a343fae94bdb22ebdd9e91694415206f2f","version":"0.12.23"},"request_sha256":"67a729fbf8b6a33f9a60fe3481b3e65917029644bc17cdcf59d0037a62f7f6c9","schema":"pumas.selected-wheel-packet.v1","selected":[{"filename":"branch-2-py3-none-any.whl","id":"f8abb2b21a19d5dce39be123c01d1ef4c944923827d5b4cc1f67ab1433f5be63","local":"/tmp/.tmp6HdCfm/torch-versions/.torch-catalog-fixture/f8abb2b21a19d5dce39be123c01d1ef4c944923827d5b4cc1f67ab1433f5be63/branch-2-py3-none-any.whl","name":"branch","repository":"pypi","requires_python_hint":null,"sha256":"d8c072e24a0c0b41aec72cada2aecc677e5aff909129ced0096751bcf0fa902a","size":853,"url":"https://files.pythonhosted.org/packages/branch-2-py3-none-any.whl","version":"2","yanked":false},{"filename":"dependency-2-py3-none-any.whl","id":"da480bbbf319646c7a5059831d92a52c8eeb3a77f8bda3805554ef8929ca3f50","local":"/tmp/.tmp6HdCfm/torch-versions/.torch-catalog-fixture/da480bbbf319646c7a5059831d92a52c8eeb3a77f8bda3805554ef8929ca3f50/dependency-2-py3-none-any.whl","name":"dependency","repository":"pypi","requires_python_hint":null,"sha256":"830b8673ea2fe57d79f5a03f7ba131af97e9db3cef61500513837436a25f6a84","size":859,"url":"https://files.pythonhosted.org/packages/dependency-2-py3-none-any.whl","version":"2","yanked":false},{"filename":"torch-2.14.0+cpu-py3-none-any.whl","id":"62f23a5b8a0a4dbd920c911c24395e0d884ee4687bcc1178fa8b1581c8106e19","local":"/tmp/.tmp6HdCfm/torch-versions/.torch-catalog-fixture/62f23a5b8a0a4dbd920c911c24395e0d884ee4687bcc1178fa8b1581c8106e19/torch-2.14.0+cpu-py3-none-any.whl","name":"torch","repository":"pytorch","requires_python_hint":null,"sha256":"574da9fb653c5d5a2bc0410eeb9598f3467ab5865010afd7fe9fcc14d920f7e7","size":1183,"url":"https://download.pytorch.org/whl/cpu/torch-2.14.0+cpu-py3-none-any.whl","version":"2.14.0+cpu","yanked":false}],"target_observation_sha256":"80c3b4991ca77a3ac59127af684f56bcee2e33fbdd9923cc628b2047d31dc2db"}
selected lifecycle control Mutation("manifest"): actual_probe=true catalog_receipt_unchanged=true publication_custody_checked=true
catalog control Lifecycle(Mutation("manifest")): requests=5 complete=true publication_controlled=true cleanup_drained=true
selected packet: {"catalog_sha256":"ee2abfa03b36ee990b0f4d738102a9539d25f96afab1b3a89491c281a7b0e3d7","extras":{"branch":[],"dependency":[],"torch":[]},"lock_sha256":"d1a04dee87a29514fc9e18f21fa57d451e3a3a160a126a58f3ff9a414798177e","projection_sha256":"be288e251b9efdbe038db7be7ba639775ce0e3c76ff623e980f352ed302647e8","qualified_solver":{"kind":"uv","sha256":"abdc39eab8b4ad341dca91f3823a23a343fae94bdb22ebdd9e91694415206f2f","version":"0.12.23"},"request_sha256":"2c6ed5ae2de06ff90796c01e885f629a44021872ebd904248d7dea058bb6c0bc","schema":"pumas.selected-wheel-packet.v1","selected":[{"filename":"branch-2-py3-none-any.whl","id":"3a9f1c654e94ea9c2c7446253cdf411a16b6aa5dfc4ced7016caba5025bcdff6","local":"/tmp/.tmp1QgSc2/torch-versions/.torch-catalog-fixture/3a9f1c654e94ea9c2c7446253cdf411a16b6aa5dfc4ced7016caba5025bcdff6/branch-2-py3-none-any.whl","name":"branch","repository":"pypi","requires_python_hint":null,"sha256":"379cb05230b64a1a126a56d6223c7628123cd51422bffda205f3df0d04b9bf76","size":853,"url":"https://files.pythonhosted.org/packages/branch-2-py3-none-any.whl","version":"2","yanked":false},{"filename":"dependency-2-py3-none-any.whl","id":"c367abcedd66fbccead11512c6a2a24a873c4954a294bb47c389b0f5b8d80ee2","local":"/tmp/.tmp1QgSc2/torch-versions/.torch-catalog-fixture/c367abcedd66fbccead11512c6a2a24a873c4954a294bb47c389b0f5b8d80ee2/dependency-2-py3-none-any.whl","name":"dependency","repository":"pypi","requires_python_hint":null,"sha256":"dc0e2f81c0cba767b99d1c44d503b404c5b05bf07a38bbf00c57b37babdb234e","size":859,"url":"https://files.pythonhosted.org/packages/dependency-2-py3-none-any.whl","version":"2","yanked":false},{"filename":"torch-2.14.0+cpu-py3-none-any.whl","id":"ea89e99c0d1202998224c8d11a6f8c9e4d7185cabfe2c87444d46e5eb0e3fb83","local":"/tmp/.tmp1QgSc2/torch-versions/.torch-catalog-fixture/ea89e99c0d1202998224c8d11a6f8c9e4d7185cabfe2c87444d46e5eb0e3fb83/torch-2.14.0+cpu-py3-none-any.whl","name":"torch","repository":"pytorch","requires_python_hint":null,"sha256":"b48477f2df2c4ed8bcd6c420f6b0a0947a5b3d354c710e56577662077a5c2cc7","size":1183,"url":"https://download.pytorch.org/whl/cpu/torch-2.14.0+cpu-py3-none-any.whl","version":"2.14.0+cpu","yanked":false}],"target_observation_sha256":"f9c37075ed574572e04445f89afc03f14d116ccb379b2b798e3695787cb9f12a"}
selected lifecycle control Mutation("report"): actual_probe=true catalog_receipt_unchanged=true publication_custody_checked=true
catalog control Lifecycle(Mutation("report")): requests=5 complete=true publication_controlled=true cleanup_drained=true
selected packet: {"catalog_sha256":"46f151ddbfaa0a9227443c1f7dbc3672c1d29cdcd271afa0969b1693a83c5090","extras":{"branch":[],"dependency":[],"torch":[]},"lock_sha256":"cafb8d0d1019354c440027826c473e4c6c7f335b81316dc28ac8384fc6fee9cb","projection_sha256":"de7568bf96a38031b03a8c79c09ba8c382792e3cee7ba182a7543ce996c03f88","qualified_solver":{"kind":"uv","sha256":"abdc39eab8b4ad341dca91f3823a23a343fae94bdb22ebdd9e91694415206f2f","version":"0.12.23"},"request_sha256":"8456c527178c2dcbf5cc39b26576a15bc8c887c72eb3738f4fae511453cc1a19","schema":"pumas.selected-wheel-packet.v1","selected":[{"filename":"branch-2-py3-none-any.whl","id":"97af4dc476381fef731020cd80a7143e89ab9b87b0f0b57c71c9f30f42ca196b","local":"/tmp/.tmpKguLLa/torch-versions/.torch-catalog-fixture/97af4dc476381fef731020cd80a7143e89ab9b87b0f0b57c71c9f30f42ca196b/branch-2-py3-none-any.whl","name":"branch","repository":"pypi","requires_python_hint":null,"sha256":"8ad4c15d830f947556751e733ceca16967f7d211f972695cd83a02dbc42173b3","size":853,"url":"https://files.pythonhosted.org/packages/branch-2-py3-none-any.whl","version":"2","yanked":false},{"filename":"dependency-2-py3-none-any.whl","id":"fb71ce74339d3aec23db3cf062005bc8db98e67feaeaca4aaf82f7b7f0533962","local":"/tmp/.tmpKguLLa/torch-versions/.torch-catalog-fixture/fb71ce74339d3aec23db3cf062005bc8db98e67feaeaca4aaf82f7b7f0533962/dependency-2-py3-none-any.whl","name":"dependency","repository":"pypi","requires_python_hint":null,"sha256":"f700b82b204ce7b823069ac71b0085b957f5a03de2ebafafb339ef84649de28c","size":859,"url":"https://files.pythonhosted.org/packages/dependency-2-py3-none-any.whl","version":"2","yanked":false},{"filename":"torch-2.14.0+cpu-py3-none-any.whl","id":"ae13d8bdc92a6caf5b6cefed42e293328fa7f617d2c2acd9f14a58b7de0a4ffd","local":"/tmp/.tmpKguLLa/torch-versions/.torch-catalog-fixture/ae13d8bdc92a6caf5b6cefed42e293328fa7f617d2c2acd9f14a58b7de0a4ffd/torch-2.14.0+cpu-py3-none-any.whl","name":"torch","repository":"pytorch","requires_python_hint":null,"sha256":"24181d1014a6e65a3a996da839d9e6b12e1287f44f92754cd63b1d164b15c7d2","size":1183,"url":"https://download.pytorch.org/whl/cpu/torch-2.14.0+cpu-py3-none-any.whl","version":"2.14.0+cpu","yanked":false}],"target_observation_sha256":"5a6c2347e763f908054f126192648957e414a7d3088b441bf874c9776815c422"}
selected lifecycle control Mutation("runtime"): actual_probe=true catalog_receipt_unchanged=true publication_custody_checked=true
catalog control Lifecycle(Mutation("runtime")): requests=5 complete=true publication_controlled=true cleanup_drained=true
selected packet: {"catalog_sha256":"7a525ae203925e9705079da346c21619498bed864541a655192eaa1ae8749662","extras":{"branch":[],"dependency":[],"torch":[]},"lock_sha256":"3f5b146bd9fb3c290d898ef94e752834d70bcad86aed700c0e99dedc73fb07cc","projection_sha256":"0aaf1b7ee0e8d9464c9fb619b0ec260008def470e055bad91280763b3d709467","qualified_solver":{"kind":"uv","sha256":"abdc39eab8b4ad341dca91f3823a23a343fae94bdb22ebdd9e91694415206f2f","version":"0.12.23"},"request_sha256":"e22b4674a4b934adeaa80563466941b4fbede89879ece2fb983487f998f83a7a","schema":"pumas.selected-wheel-packet.v1","selected":[{"filename":"branch-2-py3-none-any.whl","id":"231d83e7e1fc4542ceb5da3601d53dcf192a533aa8c47a8f8e4684f509d790f3","local":"/tmp/.tmpHf2T3c/torch-versions/.torch-catalog-fixture/231d83e7e1fc4542ceb5da3601d53dcf192a533aa8c47a8f8e4684f509d790f3/branch-2-py3-none-any.whl","name":"branch","repository":"pypi","requires_python_hint":null,"sha256":"25aa100b7ca58f592bcfe67aff06961f73a27eb65890398a44e1948e3298b5dc","size":853,"url":"https://files.pythonhosted.org/packages/branch-2-py3-none-any.whl","version":"2","yanked":false},{"filename":"dependency-2-py3-none-any.whl","id":"0e82824245921b3f68f5c7b8a1baadffbca3b3b61549a6a2d1f83a7da835e53d","local":"/tmp/.tmpHf2T3c/torch-versions/.torch-catalog-fixture/0e82824245921b3f68f5c7b8a1baadffbca3b3b61549a6a2d1f83a7da835e53d/dependency-2-py3-none-any.whl","name":"dependency","repository":"pypi","requires_python_hint":null,"sha256":"b7847a0fda6f014e6775c39ab1f6d5a90ddf628d5d637e44e577bd32c818b60a","size":859,"url":"https://files.pythonhosted.org/packages/dependency-2-py3-none-any.whl","version":"2","yanked":false},{"filename":"torch-2.14.0+cpu-py3-none-any.whl","id":"9209b32b77d21a82f2b053528f244294c6238e97a08422acc2954b1fbd0d20ea","local":"/tmp/.tmpHf2T3c/torch-versions/.torch-catalog-fixture/9209b32b77d21a82f2b053528f244294c6238e97a08422acc2954b1fbd0d20ea/torch-2.14.0+cpu-py3-none-any.whl","name":"torch","repository":"pytorch","requires_python_hint":null,"sha256":"3313bb9705e36cca218dd9f50cf41a442c61872849268d902e871443c62aacef","size":1183,"url":"https://download.pytorch.org/whl/cpu/torch-2.14.0+cpu-py3-none-any.whl","version":"2.14.0+cpu","yanked":false}],"target_observation_sha256":"fa0be51267e7fdf1587b3312ea09a2bd3171ba86dd87e74a9e3d09a869f98ada"}
selected lifecycle control Mutation("profile"): actual_probe=true catalog_receipt_unchanged=true publication_custody_checked=true
catalog control Lifecycle(Mutation("profile")): requests=5 complete=true publication_controlled=true cleanup_drained=true
selected packet: {"catalog_sha256":"5011cd3881c8370dd4606b09494eb6bb5db8a5c8fbfbc22ac2c3cf5d4b003c34","extras":{"branch":[],"dependency":[],"torch":[]},"lock_sha256":"84121beba1feddf16cd1f4bab921ca048f5d2b13c924e825f50dddc2a7093871","projection_sha256":"e5700ce82638e7a329eaec4368849688c10cab184d56a4dc112a9f00c58cc2fa","qualified_solver":{"kind":"uv","sha256":"abdc39eab8b4ad341dca91f3823a23a343fae94bdb22ebdd9e91694415206f2f","version":"0.12.23"},"request_sha256":"0ca17344a937b37b2048e51c649d06bdb0164d5af34ee84f8e3861f9dea9797f","schema":"pumas.selected-wheel-packet.v1","selected":[{"filename":"branch-2-py3-none-any.whl","id":"66817c9be898756f302429df138f077101d9756661b568cb5177b588a8872d8b","local":"/tmp/.tmpHx1lGO/torch-versions/.torch-catalog-fixture/66817c9be898756f302429df138f077101d9756661b568cb5177b588a8872d8b/branch-2-py3-none-any.whl","name":"branch","repository":"pypi","requires_python_hint":null,"sha256":"390b0492904747476f541ca5dd9c911214b1e6647b555f5f851677507aa2e56d","size":853,"url":"https://files.pythonhosted.org/packages/branch-2-py3-none-any.whl","version":"2","yanked":false},{"filename":"dependency-2-py3-none-any.whl","id":"0f207d48915981ab592818b878edfc1f39c6304677f7cf70d650dab9ae2a0d07","local":"/tmp/.tmpHx1lGO/torch-versions/.torch-catalog-fixture/0f207d48915981ab592818b878edfc1f39c6304677f7cf70d650dab9ae2a0d07/dependency-2-py3-none-any.whl","name":"dependency","repository":"pypi","requires_python_hint":null,"sha256":"ed6dfc1a99e76366017bde421bcb3e624a5fc406d2f12700aede10b30b1bc3b0","size":859,"url":"https://files.pythonhosted.org/packages/dependency-2-py3-none-any.whl","version":"2","yanked":false},{"filename":"torch-2.14.0+cpu-py3-none-any.whl","id":"3c40296c7187c78f5c0cbeeffb1a0899f28d6f96f01db77f1ca8c580e5c9bdf0","local":"/tmp/.tmpHx1lGO/torch-versions/.torch-catalog-fixture/3c40296c7187c78f5c0cbeeffb1a0899f28d6f96f01db77f1ca8c580e5c9bdf0/torch-2.14.0+cpu-py3-none-any.whl","name":"torch","repository":"pytorch","requires_python_hint":null,"sha256":"f3f6868030a643a569c59a5e10d1a29d79d09404680c6383066e925677bb600c","size":1183,"url":"https://download.pytorch.org/whl/cpu/torch-2.14.0+cpu-py3-none-any.whl","version":"2.14.0+cpu","yanked":false}],"target_observation_sha256":"0b6bc1c5c67659bc5b53199125dcc802135acbb42179cc7e481176cf1464e73f"}
selected lifecycle control Mutation("probe"): actual_probe=true catalog_receipt_unchanged=true publication_custody_checked=true
catalog control Lifecycle(Mutation("probe")): requests=5 complete=true publication_controlled=true cleanup_drained=true
selected packet: {"catalog_sha256":"bde146e74a9a9480086ace45a34cc36ce74efb68fb695cc90abfafc11e9d228d","extras":{"branch":[],"dependency":[],"torch":[]},"lock_sha256":"462c7c7ae33fe7221e72958f12256ad4a4eb5f44cc0e85a19ac9a58ebe415c16","projection_sha256":"9337fe62d1b061f228e72aec5d667eedfb661c107462fde9264a670e12c12eb5","qualified_solver":{"kind":"uv","sha256":"abdc39eab8b4ad341dca91f3823a23a343fae94bdb22ebdd9e91694415206f2f","version":"0.12.23"},"request_sha256":"e23f49d25888daac834dc2a4037a9d6968b70eb197d2277ef05addc9f209e1b6","schema":"pumas.selected-wheel-packet.v1","selected":[{"filename":"branch-2-py3-none-any.whl","id":"939906357a86125ade41a759c3d445b3552505e4e5ea1bab8acf83188ff4fc9c","local":"/tmp/.tmphVehgs/torch-versions/.torch-catalog-fixture/939906357a86125ade41a759c3d445b3552505e4e5ea1bab8acf83188ff4fc9c/branch-2-py3-none-any.whl","name":"branch","repository":"pypi","requires_python_hint":null,"sha256":"40cb4b1c4a9a0cbaad5e815b8a9bdd7e8ecd85521938d03f917a79afba66f6b3","size":853,"url":"https://files.pythonhosted.org/packages/branch-2-py3-none-any.whl","version":"2","yanked":false},{"filename":"dependency-2-py3-none-any.whl","id":"76be8bedd336fcc468934bbf37bcac72eddc3858bcfcea72d6b79832fd4d44b4","local":"/tmp/.tmphVehgs/torch-versions/.torch-catalog-fixture/76be8bedd336fcc468934bbf37bcac72eddc3858bcfcea72d6b79832fd4d44b4/dependency-2-py3-none-any.whl","name":"dependency","repository":"pypi","requires_python_hint":null,"sha256":"344f6aec0dd18e96f818fb005970ea724570b8fe397e15af46443d822521eee1","size":859,"url":"https://files.pythonhosted.org/packages/dependency-2-py3-none-any.whl","version":"2","yanked":false},{"filename":"torch-2.14.0+cpu-py3-none-any.whl","id":"d9080ed55599e2e9576ec0700ea1b30c7de7b880f90eb7205afd7d43a8816008","local":"/tmp/.tmphVehgs/torch-versions/.torch-catalog-fixture/d9080ed55599e2e9576ec0700ea1b30c7de7b880f90eb7205afd7d43a8816008/torch-2.14.0+cpu-py3-none-any.whl","name":"torch","repository":"pytorch","requires_python_hint":null,"sha256":"5612a5f873e9d0b0d9e350daa25af9dabe96c31e1dfaeb5423cd2ae0ab8ecc9e","size":1183,"url":"https://download.pytorch.org/whl/cpu/torch-2.14.0+cpu-py3-none-any.whl","version":"2.14.0+cpu","yanked":false}],"target_observation_sha256":"de28a654aa3af998a599b365b1b730459b24890c5a50ddd5a9c14f34ddc6b97e"}
selected lifecycle control Mutation("source"): actual_probe=true catalog_receipt_unchanged=true publication_custody_checked=true
catalog control Lifecycle(Mutation("source")): requests=5 complete=true publication_controlled=true cleanup_drained=true
selected packet: {"catalog_sha256":"30a5d913df0608ecf93bce479ce3a9068f2684fd464a1969400e3dbd955d8ec1","extras":{"branch":[],"dependency":[],"torch":[]},"lock_sha256":"8cfa2b7ecb513d268efd2205ac21fb72405914a08beb8e393796da48b95be3aa","projection_sha256":"5e6968fc60a2dcc1264806638a618f39422b67d19abd30e9bfc119a81824a201","qualified_solver":{"kind":"uv","sha256":"abdc39eab8b4ad341dca91f3823a23a343fae94bdb22ebdd9e91694415206f2f","version":"0.12.23"},"request_sha256":"3ccb2761dac235f295d23e19392d2322598e6ff2582da71d8792802ad7c736f9","schema":"pumas.selected-wheel-packet.v1","selected":[{"filename":"branch-2-py3-none-any.whl","id":"9b2141468677d2c9f1fedbc3ab07f29cf6d2ffecbaa3ff503ad81245e17cff96","local":"/tmp/.tmpkTkhAW/torch-versions/.torch-catalog-fixture/9b2141468677d2c9f1fedbc3ab07f29cf6d2ffecbaa3ff503ad81245e17cff96/branch-2-py3-none-any.whl","name":"branch","repository":"pypi","requires_python_hint":null,"sha256":"4775ba1b4242a31e66856105362460a1428ea1dd9ff9349100240bc9161e0a09","size":853,"url":"https://files.pythonhosted.org/packages/branch-2-py3-none-any.whl","version":"2","yanked":false},{"filename":"dependency-2-py3-none-any.whl","id":"51bbe22b066ee6e42b0c22fb5a3a0be5b95ace272c5d948aa91dc7db94c3fb21","local":"/tmp/.tmpkTkhAW/torch-versions/.torch-catalog-fixture/51bbe22b066ee6e42b0c22fb5a3a0be5b95ace272c5d948aa91dc7db94c3fb21/dependency-2-py3-none-any.whl","name":"dependency","repository":"pypi","requires_python_hint":null,"sha256":"f051c689ef6fa1bcb515ff23db27e4fdc5a7261a9084d79efd21137d786ccd00","size":859,"url":"https://files.pythonhosted.org/packages/dependency-2-py3-none-any.whl","version":"2","yanked":false},{"filename":"torch-2.14.0+cpu-py3-none-any.whl","id":"8272189633fe0af1f4e9dabec8a08269a773f7e537046cdc73403f8929a8116c","local":"/tmp/.tmpkTkhAW/torch-versions/.torch-catalog-fixture/8272189633fe0af1f4e9dabec8a08269a773f7e537046cdc73403f8929a8116c/torch-2.14.0+cpu-py3-none-any.whl","name":"torch","repository":"pytorch","requires_python_hint":null,"sha256":"5a085fd5716f347971177075426ee43deb1d5550ba955c66bf364173a3f1c66d","size":1183,"url":"https://download.pytorch.org/whl/cpu/torch-2.14.0+cpu-py3-none-any.whl","version":"2.14.0+cpu","yanked":false}],"target_observation_sha256":"34777797e2ab43acc49175c4be8787a2c5169f7dabb5618ee29792ff62d34b9e"}
selected lifecycle control Mutation("added-source"): actual_probe=true catalog_receipt_unchanged=true publication_custody_checked=true
catalog control Lifecycle(Mutation("added-source")): requests=5 complete=true publication_controlled=true cleanup_drained=true
ok
test version_manager::installer::torch::torch_catalog_owner::tests::selected_runtime_publication_failure_and_movement_controls ... selected packet: {"catalog_sha256":"390e498dcd9f1a33b7b0663aae728ced2ba6f01820c29c52d6f34b41d02537ac","extras":{"branch":[],"dependency":[],"torch":[]},"lock_sha256":"3536fdf5c934558960483a74a804c9f69e9f40e1a6c7677c8a637701ac08c1bc","projection_sha256":"f516adc586df0f2f360f85b1cb1e6f0205c375fb5de077dc739be9c8a2c20100","qualified_solver":{"kind":"uv","sha256":"abdc39eab8b4ad341dca91f3823a23a343fae94bdb22ebdd9e91694415206f2f","version":"0.12.23"},"request_sha256":"b8e0089aaabae25812c7ea7738889cb293b77d2266b4d0b213a68514804d551f","schema":"pumas.selected-wheel-packet.v1","selected":[{"filename":"branch-2-py3-none-any.whl","id":"34db202a5c387b82a0eda9a40ec54101595c5f65b7ab34ec063c605cface941c","local":"/tmp/.tmpRnBSuH/torch-versions/.torch-catalog-fixture/34db202a5c387b82a0eda9a40ec54101595c5f65b7ab34ec063c605cface941c/branch-2-py3-none-any.whl","name":"branch","repository":"pypi","requires_python_hint":null,"sha256":"fd8fb94da48decb7bec6ffb88b43c650824d90297a762a82df41251c506328a8","size":853,"url":"https://files.pythonhosted.org/packages/branch-2-py3-none-any.whl","version":"2","yanked":false},{"filename":"dependency-2-py3-none-any.whl","id":"f3fb696c0b327304d05b387056f4032ff2d68856e6e8df754f30046ef30545f1","local":"/tmp/.tmpRnBSuH/torch-versions/.torch-catalog-fixture/f3fb696c0b327304d05b387056f4032ff2d68856e6e8df754f30046ef30545f1/dependency-2-py3-none-any.whl","name":"dependency","repository":"pypi","requires_python_hint":null,"sha256":"c97de042aa3bfa84c12d9343fd8f41a24bddfd5b45887ee659c3fa906a2d59b8","size":859,"url":"https://files.pythonhosted.org/packages/dependency-2-py3-none-any.whl","version":"2","yanked":false},{"filename":"torch-2.14.0+cpu-py3-none-any.whl","id":"fc36673a1fb34a9864d55140d04f4c01cde071ecbe48762e6c19c5e5326c16ba","local":"/tmp/.tmpRnBSuH/torch-versions/.torch-catalog-fixture/fc36673a1fb34a9864d55140d04f4c01cde071ecbe48762e6c19c5e5326c16ba/torch-2.14.0+cpu-py3-none-any.whl","name":"torch","repository":"pytorch","requires_python_hint":null,"sha256":"4c943fe72c1131b1809bd007de55164eb757612ffaa2003f8ae044ecb3b27011","size":1183,"url":"https://download.pytorch.org/whl/cpu/torch-2.14.0+cpu-py3-none-any.whl","version":"2.14.0+cpu","yanked":false}],"target_observation_sha256":"ee74ef6d53d4566b89a965ae434d40b850d3295cf8af096dad373d5530f55cdb"}
selected lifecycle control Publication(BeforeRename): actual_probe=true catalog_receipt_unchanged=true publication_custody_checked=true
catalog control Lifecycle(Publication(BeforeRename)): requests=5 complete=true publication_controlled=true cleanup_drained=true
selected packet: {"catalog_sha256":"f4ae06d351c7d89ee99fd7a7160aa98f1e1d59495bd9ed670512f559283693ad","extras":{"branch":[],"dependency":[],"torch":[]},"lock_sha256":"bbea165400a25c8d515b676a27e0d6fe31726005296b83474dff05abcd3ae137","projection_sha256":"b7efb29b60a172223b94a0c534a355a01b8f2a2c4cf5dea58202ba70dd7f573b","qualified_solver":{"kind":"uv","sha256":"abdc39eab8b4ad341dca91f3823a23a343fae94bdb22ebdd9e91694415206f2f","version":"0.12.23"},"request_sha256":"332d4559a652ce37a406d5c2a2b0805707c1663a6730c3d1358298569724c36b","schema":"pumas.selected-wheel-packet.v1","selected":[{"filename":"branch-2-py3-none-any.whl","id":"a9ad903c787e3b9a7b814e75da87a16c3b58af5e59a2cbdea2f0251deaa9f6da","local":"/tmp/.tmpQXqGem/torch-versions/.torch-catalog-fixture/a9ad903c787e3b9a7b814e75da87a16c3b58af5e59a2cbdea2f0251deaa9f6da/branch-2-py3-none-any.whl","name":"branch","repository":"pypi","requires_python_hint":null,"sha256":"e9b19bd4fb298cbedb9c3abcfcd5266d8cf8819fffa9efd2b1799bc414e6436a","size":853,"url":"https://files.pythonhosted.org/packages/branch-2-py3-none-any.whl","version":"2","yanked":false},{"filename":"dependency-2-py3-none-any.whl","id":"c2be8bc6fbc0bb21bb76bc11acc815971c916fb2f37f1d77dddb9dd39b95e5cb","local":"/tmp/.tmpQXqGem/torch-versions/.torch-catalog-fixture/c2be8bc6fbc0bb21bb76bc11acc815971c916fb2f37f1d77dddb9dd39b95e5cb/dependency-2-py3-none-any.whl","name":"dependency","repository":"pypi","requires_python_hint":null,"sha256":"f003844b3b6919b96572ed02b44dc2eefd1340b82ba0f29683f1e75eacd7e7b2","size":859,"url":"https://files.pythonhosted.org/packages/dependency-2-py3-none-any.whl","version":"2","yanked":false},{"filename":"torch-2.14.0+cpu-py3-none-any.whl","id":"a7e7f1a0872ba8e3cd5e9dd6f1ad58fc55ba2be9e9f86834be707795868ea9b0","local":"/tmp/.tmpQXqGem/torch-versions/.torch-catalog-fixture/a7e7f1a0872ba8e3cd5e9dd6f1ad58fc55ba2be9e9f86834be707795868ea9b0/torch-2.14.0+cpu-py3-none-any.whl","name":"torch","repository":"pytorch","requires_python_hint":null,"sha256":"6e143ed264d715258c8134e28a9c6a67b4e1bfdeb1189168764bec23ee970048","size":1183,"url":"https://download.pytorch.org/whl/cpu/torch-2.14.0+cpu-py3-none-any.whl","version":"2.14.0+cpu","yanked":false}],"target_observation_sha256":"e3c04c3c9d003ebbc6f9d3f6b8546e60baab18b3a8030716dbad0bd906f693a1"}
selected lifecycle control Publication(AfterRename): actual_probe=true catalog_receipt_unchanged=true publication_custody_checked=true
catalog control Lifecycle(Publication(AfterRename)): requests=5 complete=true publication_controlled=true cleanup_drained=true
selected packet: {"catalog_sha256":"d702a43140a6e13845104a8b31a711e7f056d0812077aac3516e0a7395f0cfb7","extras":{"branch":[],"dependency":[],"torch":[]},"lock_sha256":"238fbc9b4b6e726a0ba77746af29571503bd79412c3220e707595619cff32bd8","projection_sha256":"b14872e8fec5ff563b8673422fff97e0e874e6399f837f6cf60aba06b21cd2ec","qualified_solver":{"kind":"uv","sha256":"abdc39eab8b4ad341dca91f3823a23a343fae94bdb22ebdd9e91694415206f2f","version":"0.12.23"},"request_sha256":"8682c3768ae37f69312e492142b5a74467f01484105492b71b12663787c49887","schema":"pumas.selected-wheel-packet.v1","selected":[{"filename":"branch-2-py3-none-any.whl","id":"1a3c11ffa29e86a2f03f1ad3e09417a5f7fcdc1bf522c327de6ae97fce16ff56","local":"/tmp/.tmpVh67X2/torch-versions/.torch-catalog-fixture/1a3c11ffa29e86a2f03f1ad3e09417a5f7fcdc1bf522c327de6ae97fce16ff56/branch-2-py3-none-any.whl","name":"branch","repository":"pypi","requires_python_hint":null,"sha256":"ce22c74ad88e6baaa7debf9bcfb0323409619ae9dc2899551390240d84a3a063","size":853,"url":"https://files.pythonhosted.org/packages/branch-2-py3-none-any.whl","version":"2","yanked":false},{"filename":"dependency-2-py3-none-any.whl","id":"8beafbb4443edb328fed46b46c5a56f4d9c626500b675d67a45d2a18cfadaccc","local":"/tmp/.tmpVh67X2/torch-versions/.torch-catalog-fixture/8beafbb4443edb328fed46b46c5a56f4d9c626500b675d67a45d2a18cfadaccc/dependency-2-py3-none-any.whl","name":"dependency","repository":"pypi","requires_python_hint":null,"sha256":"b2bb718673302f14971d1e69f47128c440f61453b8e3980c8c2292ad419124bd","size":859,"url":"https://files.pythonhosted.org/packages/dependency-2-py3-none-any.whl","version":"2","yanked":false},{"filename":"torch-2.14.0+cpu-py3-none-any.whl","id":"be60a1071182a5e333b0f66bf0b605ccf2e563b68616ea129f269385970bee65","local":"/tmp/.tmpVh67X2/torch-versions/.torch-catalog-fixture/be60a1071182a5e333b0f66bf0b605ccf2e563b68616ea129f269385970bee65/torch-2.14.0+cpu-py3-none-any.whl","name":"torch","repository":"pytorch","requires_python_hint":null,"sha256":"d01de0d6e99115915cccc0ad5ee55e5f6d17239e557743f57ac2e4a11f25cd1d","size":1183,"url":"https://download.pytorch.org/whl/cpu/torch-2.14.0+cpu-py3-none-any.whl","version":"2.14.0+cpu","yanked":false}],"target_observation_sha256":"f0d039fa0f0000f5fdb5bbdbc48a4ba85a5e111514fc4ceb9430a54ae722dc39"}
selected lifecycle control Publication(MovedMember): actual_probe=true catalog_receipt_unchanged=true publication_custody_checked=true
catalog control Lifecycle(Publication(MovedMember)): requests=5 complete=true publication_controlled=true cleanup_drained=true
selected packet: {"catalog_sha256":"1147c80f19a2f0ba0a9e032fa9017821f41921a60785f07f3a04f20a19c61b9f","extras":{"branch":[],"dependency":[],"torch":[]},"lock_sha256":"4c97b0c499c23e5fa4ed51c1c65c9155198de5cb94e3c83ba60fc923216e185a","projection_sha256":"0de5d5a0b494a66a3ac1e375b7cc0a193dd51699bae20e02975ce2965e163aee","qualified_solver":{"kind":"uv","sha256":"abdc39eab8b4ad341dca91f3823a23a343fae94bdb22ebdd9e91694415206f2f","version":"0.12.23"},"request_sha256":"ee9752dd6f5ac7b992bb471b353076238fdb43df7be511fd3c9a50b44b7fd240","schema":"pumas.selected-wheel-packet.v1","selected":[{"filename":"branch-2-py3-none-any.whl","id":"dcb0db5e1921875221abe29d7424db9aa5c3902017d89916e2e0d59b43a239f6","local":"/tmp/.tmp12Dlw5/torch-versions/.torch-catalog-fixture/dcb0db5e1921875221abe29d7424db9aa5c3902017d89916e2e0d59b43a239f6/branch-2-py3-none-any.whl","name":"branch","repository":"pypi","requires_python_hint":null,"sha256":"941f5175b4bb03caf85bd70600e64d81a8d1090c7876426571c0e60038105282","size":853,"url":"https://files.pythonhosted.org/packages/branch-2-py3-none-any.whl","version":"2","yanked":false},{"filename":"dependency-2-py3-none-any.whl","id":"91fddda50cf41ad9b0272534a5c3ffb4f15134af55635f64d229d321f51884de","local":"/tmp/.tmp12Dlw5/torch-versions/.torch-catalog-fixture/91fddda50cf41ad9b0272534a5c3ffb4f15134af55635f64d229d321f51884de/dependency-2-py3-none-any.whl","name":"dependency","repository":"pypi","requires_python_hint":null,"sha256":"feddc59dcc457090d50c919901b1b4837eb32173e31bdede290a4039dec22051","size":859,"url":"https://files.pythonhosted.org/packages/dependency-2-py3-none-any.whl","version":"2","yanked":false},{"filename":"torch-2.14.0+cpu-py3-none-any.whl","id":"ff00ffe7edb1c19366ce1e3e7b68ddccce3693cb4f39597e37039a274aa52287","local":"/tmp/.tmp12Dlw5/torch-versions/.torch-catalog-fixture/ff00ffe7edb1c19366ce1e3e7b68ddccce3693cb4f39597e37039a274aa52287/torch-2.14.0+cpu-py3-none-any.whl","name":"torch","repository":"pytorch","requires_python_hint":null,"sha256":"6c42f7cf780b15a3b0a78147e4d5259fc6dd230d6f63c70ff523d535ab5314ba","size":1183,"url":"https://download.pytorch.org/whl/cpu/torch-2.14.0+cpu-py3-none-any.whl","version":"2.14.0+cpu","yanked":false}],"target_observation_sha256":"ceb8b0cbc7d9a4a7a6c08db3a9acf61db5475971e930e23abd020e1e46591713"}
selected lifecycle control Publication(MovedRecord): actual_probe=true catalog_receipt_unchanged=true publication_custody_checked=true
catalog control Lifecycle(Publication(MovedRecord)): requests=5 complete=true publication_controlled=true cleanup_drained=true
selected packet: {"catalog_sha256":"31ef05693ddc84ac55417c54ea565d9850197d141d6514e144ce248e81ea41a6","extras":{"branch":[],"dependency":[],"torch":[]},"lock_sha256":"408ab89fd26c5dc0806006f88f5681a6e4db9c336e1aa7cfff0d2831e355ffd0","projection_sha256":"f72b7f455f6e56dd908b75d7996e5581a29a597335fe76f3a60a98a015932b44","qualified_solver":{"kind":"uv","sha256":"abdc39eab8b4ad341dca91f3823a23a343fae94bdb22ebdd9e91694415206f2f","version":"0.12.23"},"request_sha256":"1dab9f8ce22d9732312687cedf50b67b74ac9f434aac44475b71f74372b31c51","schema":"pumas.selected-wheel-packet.v1","selected":[{"filename":"branch-2-py3-none-any.whl","id":"5b42535d5f16f023f9d160289ec124f2bbbb12c95b8566d2fbe305e0494702b2","local":"/tmp/.tmpyuz2pe/torch-versions/.torch-catalog-fixture/5b42535d5f16f023f9d160289ec124f2bbbb12c95b8566d2fbe305e0494702b2/branch-2-py3-none-any.whl","name":"branch","repository":"pypi","requires_python_hint":null,"sha256":"2fc500d91117e43fe1c1deae895c8ddce7f4950234231bff565b3fc1cef041a0","size":853,"url":"https://files.pythonhosted.org/packages/branch-2-py3-none-any.whl","version":"2","yanked":false},{"filename":"dependency-2-py3-none-any.whl","id":"9009737fcca9969cf191ea71efae17127ad37b2e2b5558e4ec2817623484100e","local":"/tmp/.tmpyuz2pe/torch-versions/.torch-catalog-fixture/9009737fcca9969cf191ea71efae17127ad37b2e2b5558e4ec2817623484100e/dependency-2-py3-none-any.whl","name":"dependency","repository":"pypi","requires_python_hint":null,"sha256":"131cec08c3727f05c4a4f956c442acf847069d7cf4ca1cf8273c606f46cf5878","size":859,"url":"https://files.pythonhosted.org/packages/dependency-2-py3-none-any.whl","version":"2","yanked":false},{"filename":"torch-2.14.0+cpu-py3-none-any.whl","id":"13754bf83ab2bec652691702054c252bb652d116015d4566dd533245deac3970","local":"/tmp/.tmpyuz2pe/torch-versions/.torch-catalog-fixture/13754bf83ab2bec652691702054c252bb652d116015d4566dd533245deac3970/torch-2.14.0+cpu-py3-none-any.whl","name":"torch","repository":"pytorch","requires_python_hint":null,"sha256":"012dbab6da1f23fb42e0053526d55dd2a5bfce9f5e351b24930358b766ed040c","size":1183,"url":"https://download.pytorch.org/whl/cpu/torch-2.14.0+cpu-py3-none-any.whl","version":"2.14.0+cpu","yanked":false}],"target_observation_sha256":"034b51abd2148eca917c6f1ff7f4cd7c457f46286f06b5db2083852cb4e736ae"}
selected lifecycle control Publication(ForeignDirectory): actual_probe=true catalog_receipt_unchanged=true publication_custody_checked=true
catalog control Lifecycle(Publication(ForeignDirectory)): requests=5 complete=true publication_controlled=true cleanup_drained=true
selected packet: {"catalog_sha256":"b7753bff012be346f524d64096099137e3043357d4824f466810eb42bd09c1fc","extras":{"branch":[],"dependency":[],"torch":[]},"lock_sha256":"0315780765c4750ef9e6f578c3efb9f945b7b5ad7d705f2c86241da9de1e93b2","projection_sha256":"e220388f2be2c31c2188f484001f86ec8a19c4477374a75e0326e3eacacbfa49","qualified_solver":{"kind":"uv","sha256":"abdc39eab8b4ad341dca91f3823a23a343fae94bdb22ebdd9e91694415206f2f","version":"0.12.23"},"request_sha256":"9c89cc85a68a7f197e1768ba5a9656bd5425703300999279ead1c6b20dc5225a","schema":"pumas.selected-wheel-packet.v1","selected":[{"filename":"branch-2-py3-none-any.whl","id":"019c000c40b82ea5b24711c0d0e6c1a3acd13f783a4f133aaa4ebc0013ba34d5","local":"/tmp/.tmpYqPcRj/torch-versions/.torch-catalog-fixture/019c000c40b82ea5b24711c0d0e6c1a3acd13f783a4f133aaa4ebc0013ba34d5/branch-2-py3-none-any.whl","name":"branch","repository":"pypi","requires_python_hint":null,"sha256":"55670b427df8afbcff45441d879d612630f0b964c9c39b89cd70ba25f2dba4de","size":853,"url":"https://files.pythonhosted.org/packages/branch-2-py3-none-any.whl","version":"2","yanked":false},{"filename":"dependency-2-py3-none-any.whl","id":"c46b5c7e2bd63e5913fdebd5057486b48feb7eff2c3de35f033b8e3e486f3538","local":"/tmp/.tmpYqPcRj/torch-versions/.torch-catalog-fixture/c46b5c7e2bd63e5913fdebd5057486b48feb7eff2c3de35f033b8e3e486f3538/dependency-2-py3-none-any.whl","name":"dependency","repository":"pypi","requires_python_hint":null,"sha256":"15bbe1b61c57f1981477cb933f11a64dd66843aabcdfb7ed94dc18e2e0f46cd5","size":859,"url":"https://files.pythonhosted.org/packages/dependency-2-py3-none-any.whl","version":"2","yanked":false},{"filename":"torch-2.14.0+cpu-py3-none-any.whl","id":"8dea0bd03f335309c5b5fbe00ee1ab229cf39364b6297050a929b4e52a71d4a9","local":"/tmp/.tmpYqPcRj/torch-versions/.torch-catalog-fixture/8dea0bd03f335309c5b5fbe00ee1ab229cf39364b6297050a929b4e52a71d4a9/torch-2.14.0+cpu-py3-none-any.whl","name":"torch","repository":"pytorch","requires_python_hint":null,"sha256":"5c779f6fb7e4cfb5c3b2aa1fbbc060b9ff54bf2a6e95bfdba42183e3511f8a9a","size":1183,"url":"https://download.pytorch.org/whl/cpu/torch-2.14.0+cpu-py3-none-any.whl","version":"2.14.0+cpu","yanked":false}],"target_observation_sha256":"c02cc53309b2b4b64474e99abc0268871cfdce0b07fca1939e70f13ad0333b69"}
selected lifecycle control Publication(AfterMetadata): actual_probe=true catalog_receipt_unchanged=true publication_custody_checked=true
catalog control Lifecycle(Publication(AfterMetadata)): requests=5 complete=true publication_controlled=true cleanup_drained=true
ok
test version_manager::installer::torch::torch_catalog_owner::tests::selected_runtime_reconciliation_abandoned_waiter_keeps_job_custody ... selected packet: {"catalog_sha256":"2946e88b8103b08956120749193eefe0e19b8ce577eddf5d3ac5babc7415f91b","extras":{"branch":[],"dependency":[],"torch":[]},"lock_sha256":"0b42dc1e319c08bde925bbbefaebd90c063d3d99d51749b8dda2072cad06be73","projection_sha256":"7e9a4be89e318358acaeb6537508876105bc8a286ca1d923e7dc71b6895b0c05","qualified_solver":{"kind":"uv","sha256":"abdc39eab8b4ad341dca91f3823a23a343fae94bdb22ebdd9e91694415206f2f","version":"0.12.23"},"request_sha256":"3da2fcd68f747d8a74d9f91b6cc3b10f24dd1aeae618c5376803f559136a7762","schema":"pumas.selected-wheel-packet.v1","selected":[{"filename":"branch-2-py3-none-any.whl","id":"b47184408dca1551d39ac617c91d30dbf7b0d267ebdb445bd4585ecc8a7424f5","local":"/tmp/.tmpFFMqH6/torch-versions/.torch-catalog-fixture/b47184408dca1551d39ac617c91d30dbf7b0d267ebdb445bd4585ecc8a7424f5/branch-2-py3-none-any.whl","name":"branch","repository":"pypi","requires_python_hint":null,"sha256":"2bb234048068020cff2aae860fd99293f48d5fc953c4ed913d5ec18a1c0d1340","size":853,"url":"https://files.pythonhosted.org/packages/branch-2-py3-none-any.whl","version":"2","yanked":false},{"filename":"dependency-2-py3-none-any.whl","id":"71cb4f77d830ac2e351664f7ecb093dbbf3caabf562089aab4e138d081c20159","local":"/tmp/.tmpFFMqH6/torch-versions/.torch-catalog-fixture/71cb4f77d830ac2e351664f7ecb093dbbf3caabf562089aab4e138d081c20159/dependency-2-py3-none-any.whl","name":"dependency","repository":"pypi","requires_python_hint":null,"sha256":"b7206e9f058f1d981f1813f030a865f26afd1c22e532e3650cdf316b9d01b091","size":859,"url":"https://files.pythonhosted.org/packages/dependency-2-py3-none-any.whl","version":"2","yanked":false},{"filename":"torch-2.14.0+cpu-py3-none-any.whl","id":"4ebe2b6ed92944a5824a7b128e41fae1618c6492c5c4c164e6dc28b10d9140d2","local":"/tmp/.tmpFFMqH6/torch-versions/.torch-catalog-fixture/4ebe2b6ed92944a5824a7b128e41fae1618c6492c5c4c164e6dc28b10d9140d2/torch-2.14.0+cpu-py3-none-any.whl","name":"torch","repository":"pytorch","requires_python_hint":null,"sha256":"621cc20e8afb7d780b2fda3f70d76c31960f28e30284b896854116e97a486ae5","size":1183,"url":"https://download.pytorch.org/whl/cpu/torch-2.14.0+cpu-py3-none-any.whl","version":"2.14.0+cpu","yanked":false}],"target_observation_sha256":"3560bc029d62188c3bf29b40f358a7961e1e9014033ca8f5024fc8b157088336"}
reconciliation control abandon-reconciliation: actual_install_probe=true unchanged_catalog=true original_marker_bytes=239
selected lifecycle control Reconcile("abandon-reconciliation"): actual_probe=true catalog_receipt_unchanged=true publication_custody_checked=true
catalog control Lifecycle(Reconcile("abandon-reconciliation")): requests=5 complete=true publication_controlled=true cleanup_drained=true
ok
test version_manager::installer::torch::torch_catalog_owner::tests::selected_runtime_reconciliation_committed_and_owned_rollback ... selected packet: {"catalog_sha256":"a6c3a5ffed8d1d3ab6bbcbdfefafd1f7c56aa6b19b485c66435fc60bc589047b","extras":{"branch":[],"dependency":[],"torch":[]},"lock_sha256":"938ddd3cf030459bbf3dc607d0380d32d3d91ea2b84b67c86b9176442fd88dd2","projection_sha256":"7014e4935e9ba7a118f9643c303271e102ce9f626ced51e4e9288e3b4aa5d567","qualified_solver":{"kind":"uv","sha256":"abdc39eab8b4ad341dca91f3823a23a343fae94bdb22ebdd9e91694415206f2f","version":"0.12.23"},"request_sha256":"8116bc394c7398af4066c9325503f5f621a2c694687e31a3e15545a2d025de0c","schema":"pumas.selected-wheel-packet.v1","selected":[{"filename":"branch-2-py3-none-any.whl","id":"e2ba7a99b043e6bee534aece2dc9957c70eca567c3008257879e8149afabb3ad","local":"/tmp/.tmprZzO7M/torch-versions/.torch-catalog-fixture/e2ba7a99b043e6bee534aece2dc9957c70eca567c3008257879e8149afabb3ad/branch-2-py3-none-any.whl","name":"branch","repository":"pypi","requires_python_hint":null,"sha256":"c8bff58aec4866448a5c4bc8c7329a571f4689b45f219334f548edbb409dfb07","size":853,"url":"https://files.pythonhosted.org/packages/branch-2-py3-none-any.whl","version":"2","yanked":false},{"filename":"dependency-2-py3-none-any.whl","id":"4d81083776ffa85125e073b43b81d2441192b0da47d8715e26e4dd67a58285ac","local":"/tmp/.tmprZzO7M/torch-versions/.torch-catalog-fixture/4d81083776ffa85125e073b43b81d2441192b0da47d8715e26e4dd67a58285ac/dependency-2-py3-none-any.whl","name":"dependency","repository":"pypi","requires_python_hint":null,"sha256":"85076b8ca090b88ade66b04ab1ac21d7ab2b8b5a26d8d3d419b2756e62d6e0ec","size":859,"url":"https://files.pythonhosted.org/packages/dependency-2-py3-none-any.whl","version":"2","yanked":false},{"filename":"torch-2.14.0+cpu-py3-none-any.whl","id":"0baf00b8d5d25ee63460a448f49be05a32b071573aa3ade62e1263c9f1e30df8","local":"/tmp/.tmprZzO7M/torch-versions/.torch-catalog-fixture/0baf00b8d5d25ee63460a448f49be05a32b071573aa3ade62e1263c9f1e30df8/torch-2.14.0+cpu-py3-none-any.whl","name":"torch","repository":"pytorch","requires_python_hint":null,"sha256":"7b9f3e419cf4cd97527f9ead8909053e84212ee38250a9ae6c6008a65252e800","size":1183,"url":"https://download.pytorch.org/whl/cpu/torch-2.14.0+cpu-py3-none-any.whl","version":"2.14.0+cpu","yanked":false}],"target_observation_sha256":"27e257bbe45992a10f0ca92436a97ec5be5695593bc691a9bdddd175b160c804"}
reconciliation control committed: actual_install_probe=true unchanged_catalog=true original_marker_bytes=239
selected lifecycle control Reconcile("committed"): actual_probe=true catalog_receipt_unchanged=true publication_custody_checked=true
catalog control Lifecycle(Reconcile("committed")): requests=5 complete=true publication_controlled=true cleanup_drained=true
selected packet: {"catalog_sha256":"2c2f96f7ccc54e667f61a50d076ebf3903fcf2bdec1433177ab0aece8424b9df","extras":{"branch":[],"dependency":[],"torch":[]},"lock_sha256":"83d74e9a42e40d06bbb3b524370e8a65b3b291bbf43ad033fe5b0cc730105008","projection_sha256":"849f147b8b21605aa41043bd017d83cc396d13ee8020e398ddbadac0e203ed99","qualified_solver":{"kind":"uv","sha256":"abdc39eab8b4ad341dca91f3823a23a343fae94bdb22ebdd9e91694415206f2f","version":"0.12.23"},"request_sha256":"85efa0370359bf3c0b9609f36590584d6319b31636d3b730c63784070185b027","schema":"pumas.selected-wheel-packet.v1","selected":[{"filename":"branch-2-py3-none-any.whl","id":"55ff724504d5033d0ac3e2b994337eed613dc6e207c85d508a35990c0fb1440d","local":"/tmp/.tmpqv9ea6/torch-versions/.torch-catalog-fixture/55ff724504d5033d0ac3e2b994337eed613dc6e207c85d508a35990c0fb1440d/branch-2-py3-none-any.whl","name":"branch","repository":"pypi","requires_python_hint":null,"sha256":"fc0ea46a4c21c3d6e576258fbb24eff24e6a2f1fc35f14f60554f7565783755a","size":853,"url":"https://files.pythonhosted.org/packages/branch-2-py3-none-any.whl","version":"2","yanked":false},{"filename":"dependency-2-py3-none-any.whl","id":"662fc55980b8163afd02b243ef99059800c85d4c84098694e34fade0b576f4ad","local":"/tmp/.tmpqv9ea6/torch-versions/.torch-catalog-fixture/662fc55980b8163afd02b243ef99059800c85d4c84098694e34fade0b576f4ad/dependency-2-py3-none-any.whl","name":"dependency","repository":"pypi","requires_python_hint":null,"sha256":"7b21017566d97145b505ec47c25fa73e741fc080c9321f888323b9f9749a8a6e","size":859,"url":"https://files.pythonhosted.org/packages/dependency-2-py3-none-any.whl","version":"2","yanked":false},{"filename":"torch-2.14.0+cpu-py3-none-any.whl","id":"e77e8388460174deeb6311f8ed89c9aff3b06a16726ab020e8ac738530535270","local":"/tmp/.tmpqv9ea6/torch-versions/.torch-catalog-fixture/e77e8388460174deeb6311f8ed89c9aff3b06a16726ab020e8ac738530535270/torch-2.14.0+cpu-py3-none-any.whl","name":"torch","repository":"pytorch","requires_python_hint":null,"sha256":"3bce4a1e8795fdd0acc0bbfd35df1d3bed5033970fad2a849a19eb4e5765f503","size":1183,"url":"https://download.pytorch.org/whl/cpu/torch-2.14.0+cpu-py3-none-any.whl","version":"2.14.0+cpu","yanked":false}],"target_observation_sha256":"3fa6f28b40d3f1abbc01abc9f2717fe0636a924946866af0850669d9a66d0194"}
reconciliation control missing-marker: actual_install_probe=true unchanged_catalog=true original_marker_bytes=239
selected lifecycle control Reconcile("missing-marker"): actual_probe=true catalog_receipt_unchanged=true publication_custody_checked=true
catalog control Lifecycle(Reconcile("missing-marker")): requests=5 complete=true publication_controlled=true cleanup_drained=true
selected packet: {"catalog_sha256":"5174f1cc6a67685f6a46009eb5e9e53e550b283791d92e61cb045e7d48eff07d","extras":{"branch":[],"dependency":[],"torch":[]},"lock_sha256":"da21971eadf1f509f36768cb38a90b1bd08ce1877be66db65f7bc75f2c0a3827","projection_sha256":"be4dd22754f021a8ffd6d820004402a3a3b71e2afad37396cc40faacbe82aa01","qualified_solver":{"kind":"uv","sha256":"abdc39eab8b4ad341dca91f3823a23a343fae94bdb22ebdd9e91694415206f2f","version":"0.12.23"},"request_sha256":"e48c0d9dbf0946664f1a9cf50d4489ffd588ef300c60f75bcd76c794c4564b50","schema":"pumas.selected-wheel-packet.v1","selected":[{"filename":"branch-2-py3-none-any.whl","id":"43cd9df8f5c22dd5339f4a1d495919eeec4cb52e53277c27dd6f3d950a12062c","local":"/tmp/.tmpUVTzjC/torch-versions/.torch-catalog-fixture/43cd9df8f5c22dd5339f4a1d495919eeec4cb52e53277c27dd6f3d950a12062c/branch-2-py3-none-any.whl","name":"branch","repository":"pypi","requires_python_hint":null,"sha256":"143d3af49c6e7af4f2584184eff69c6ec396c8f5252ce68c2aae1a93d161aed9","size":853,"url":"https://files.pythonhosted.org/packages/branch-2-py3-none-any.whl","version":"2","yanked":false},{"filename":"dependency-2-py3-none-any.whl","id":"d45ba0a5767aa971a10a9ba4dd0d8fd0c164c2822b84717fa9298e9cc8ed0b2f","local":"/tmp/.tmpUVTzjC/torch-versions/.torch-catalog-fixture/d45ba0a5767aa971a10a9ba4dd0d8fd0c164c2822b84717fa9298e9cc8ed0b2f/dependency-2-py3-none-any.whl","name":"dependency","repository":"pypi","requires_python_hint":null,"sha256":"06dbcc6ff307c460690e144060c204d34339cff3856eb1863344668c8833631c","size":859,"url":"https://files.pythonhosted.org/packages/dependency-2-py3-none-any.whl","version":"2","yanked":false},{"filename":"torch-2.14.0+cpu-py3-none-any.whl","id":"a1af47063d810307ada044694526d9f2f950f1a9cedf2d20a7f1de72146d6908","local":"/tmp/.tmpUVTzjC/torch-versions/.torch-catalog-fixture/a1af47063d810307ada044694526d9f2f950f1a9cedf2d20a7f1de72146d6908/torch-2.14.0+cpu-py3-none-any.whl","name":"torch","repository":"pytorch","requires_python_hint":null,"sha256":"78d4b3357db4555823e84a34d04161aa951dad4ccbf0ed005fe1ed1360516721","size":1183,"url":"https://download.pytorch.org/whl/cpu/torch-2.14.0+cpu-py3-none-any.whl","version":"2.14.0+cpu","yanked":false}],"target_observation_sha256":"e20747ab2bdb26400b882903f910f95c0b3bd68834e16619d2925c35cb92fb28"}
reconciliation control before-rename: actual_install_probe=true unchanged_catalog=true original_marker_bytes=239
selected lifecycle control Reconcile("before-rename"): actual_probe=true catalog_receipt_unchanged=true publication_custody_checked=true
catalog control Lifecycle(Reconcile("before-rename")): requests=5 complete=true publication_controlled=true cleanup_drained=true
selected packet: {"catalog_sha256":"8e32ac5a958a4d1c1aaf6279713ad20b15f0f47eb293d0442c965f441c9e3936","extras":{"branch":[],"dependency":[],"torch":[]},"lock_sha256":"06601cb41b71604ab7ae9688cd19d059b8836ef587a73a9e009dbded3dd0b4e5","projection_sha256":"93a39cf98c829cfcf89c7aeeea5438dc4f2529a0086159a2c3fa6d663e77e24b","qualified_solver":{"kind":"uv","sha256":"abdc39eab8b4ad341dca91f3823a23a343fae94bdb22ebdd9e91694415206f2f","version":"0.12.23"},"request_sha256":"3aa7549ff618aa6232f94a7887146bfd7e81efcdef0a570811c030ed52ccd4ab","schema":"pumas.selected-wheel-packet.v1","selected":[{"filename":"branch-2-py3-none-any.whl","id":"7da852002c98fafa1de8cc97c9aea1432f40bb13b9dbc55f9d1f3854fd3d48a0","local":"/tmp/.tmpapoBGC/torch-versions/.torch-catalog-fixture/7da852002c98fafa1de8cc97c9aea1432f40bb13b9dbc55f9d1f3854fd3d48a0/branch-2-py3-none-any.whl","name":"branch","repository":"pypi","requires_python_hint":null,"sha256":"d6984948460d3262c863825ab8f74ee61c882d4925b318b2cbf11465bdaecd06","size":853,"url":"https://files.pythonhosted.org/packages/branch-2-py3-none-any.whl","version":"2","yanked":false},{"filename":"dependency-2-py3-none-any.whl","id":"5bf01f9b6e77087eab30d45035f1a8eb23347b8de2cd14399e19418ac24260df","local":"/tmp/.tmpapoBGC/torch-versions/.torch-catalog-fixture/5bf01f9b6e77087eab30d45035f1a8eb23347b8de2cd14399e19418ac24260df/dependency-2-py3-none-any.whl","name":"dependency","repository":"pypi","requires_python_hint":null,"sha256":"3e327c2e5ac4396e1b354c9e2dfd34ef82221db3ee5f0ba2b629177669bc7405","size":859,"url":"https://files.pythonhosted.org/packages/dependency-2-py3-none-any.whl","version":"2","yanked":false},{"filename":"torch-2.14.0+cpu-py3-none-any.whl","id":"0c8638b404289da5541196b90e5b6553c4575c8a13137a8e10ccbab48b3de53b","local":"/tmp/.tmpapoBGC/torch-versions/.torch-catalog-fixture/0c8638b404289da5541196b90e5b6553c4575c8a13137a8e10ccbab48b3de53b/torch-2.14.0+cpu-py3-none-any.whl","name":"torch","repository":"pytorch","requires_python_hint":null,"sha256":"9e3a84d66325378169ee84895de8e579193ef5d7124c4d7a189c704f2b4175a9","size":1183,"url":"https://download.pytorch.org/whl/cpu/torch-2.14.0+cpu-py3-none-any.whl","version":"2.14.0+cpu","yanked":false}],"target_observation_sha256":"0f67c6b99ccdcf6e157c05b7e7dfd2f1fc8510d1077739d6495b9f6b760c4adb"}
reconciliation control after-rename: actual_install_probe=true unchanged_catalog=true original_marker_bytes=239
selected lifecycle control Reconcile("after-rename"): actual_probe=true catalog_receipt_unchanged=true publication_custody_checked=true
catalog control Lifecycle(Reconcile("after-rename")): requests=5 complete=true publication_controlled=true cleanup_drained=true
ok
test version_manager::installer::torch::torch_catalog_owner::tests::selected_runtime_reconciliation_interrupted_cleanup_retains_custody ... selected packet: {"catalog_sha256":"d0326abb40cde72d4644f46b50ce72fb4bdfc2812c7118010b898e3a6904e13a","extras":{"branch":[],"dependency":[],"torch":[]},"lock_sha256":"5e52d2b72afbdb884d740c20f47e4491a813db43715955db98c2ef781a9295c8","projection_sha256":"8cda10a1a7279599147783128e0d1a82c17a223c723bdc7af08564c634fb2d04","qualified_solver":{"kind":"uv","sha256":"abdc39eab8b4ad341dca91f3823a23a343fae94bdb22ebdd9e91694415206f2f","version":"0.12.23"},"request_sha256":"9f5b0c4697239925f243f75ff077163d09e0d4929f3c43e67fa95c36c6b07b74","schema":"pumas.selected-wheel-packet.v1","selected":[{"filename":"branch-2-py3-none-any.whl","id":"c430be698488d4f0b51a607a7b18988cf79bfd8a3e60049dca020b78545526f9","local":"/tmp/.tmpEkHyJx/torch-versions/.torch-catalog-fixture/c430be698488d4f0b51a607a7b18988cf79bfd8a3e60049dca020b78545526f9/branch-2-py3-none-any.whl","name":"branch","repository":"pypi","requires_python_hint":null,"sha256":"ad95afbec85f064cbc823e45be9062ca060343e05a19a7438344ca3f0c854401","size":853,"url":"https://files.pythonhosted.org/packages/branch-2-py3-none-any.whl","version":"2","yanked":false},{"filename":"dependency-2-py3-none-any.whl","id":"ca8dc54c010196ceb56aa1985f46be626eceffb1d242e4a6917e8a77beba2340","local":"/tmp/.tmpEkHyJx/torch-versions/.torch-catalog-fixture/ca8dc54c010196ceb56aa1985f46be626eceffb1d242e4a6917e8a77beba2340/dependency-2-py3-none-any.whl","name":"dependency","repository":"pypi","requires_python_hint":null,"sha256":"bd1544ed5d8aaf6b0df879d04341706bada696550e01da72b22e93d933dc1a7c","size":859,"url":"https://files.pythonhosted.org/packages/dependency-2-py3-none-any.whl","version":"2","yanked":false},{"filename":"torch-2.14.0+cpu-py3-none-any.whl","id":"8d323e9a08ffd6d5d4ecf73f47edd5394c2ddd1c2aa65c8823e356b3f9018c96","local":"/tmp/.tmpEkHyJx/torch-versions/.torch-catalog-fixture/8d323e9a08ffd6d5d4ecf73f47edd5394c2ddd1c2aa65c8823e356b3f9018c96/torch-2.14.0+cpu-py3-none-any.whl","name":"torch","repository":"pytorch","requires_python_hint":null,"sha256":"2d9d26a5bdb0246f24b054c73ba7fbfc59deb6150b627c7c28294565938b540e","size":1183,"url":"https://download.pytorch.org/whl/cpu/torch-2.14.0+cpu-py3-none-any.whl","version":"2.14.0+cpu","yanked":false}],"target_observation_sha256":"5d7bb805c16294709895aa321a23d3a1e77b0e1d4cbc74fc747b4a07ed2afa62"}
reconciliation control cleanup-interruption: actual_install_probe=true unchanged_catalog=true original_marker_bytes=239
selected lifecycle control Reconcile("cleanup-interruption"): actual_probe=true catalog_receipt_unchanged=true publication_custody_checked=true
catalog control Lifecycle(Reconcile("cleanup-interruption")): requests=5 complete=true publication_controlled=true cleanup_drained=true
ok
test version_manager::installer::torch::torch_catalog_owner::tests::selected_runtime_reconciliation_missing_mutated_foreign_evidence_is_unresolved ... selected packet: {"catalog_sha256":"6970ea9d556847972bcbbba3a0c040f4d1e6a89453e8000208885a10f2267422","extras":{"branch":[],"dependency":[],"torch":[]},"lock_sha256":"0e08818b4e9d4130a428630a24cf6c91d23400b45c9cc2bbb0a893a679d92d85","projection_sha256":"27df2392a5705a639b193bc76873d1b9c16bc705e1f800fb63c13cdc3ec24510","qualified_solver":{"kind":"uv","sha256":"abdc39eab8b4ad341dca91f3823a23a343fae94bdb22ebdd9e91694415206f2f","version":"0.12.23"},"request_sha256":"36bfada1a4a4267dd2d9c433759c39be98f4efaeb2e367ece0208ff94e65f91e","schema":"pumas.selected-wheel-packet.v1","selected":[{"filename":"branch-2-py3-none-any.whl","id":"023c61cbc1c8549186108147889d1e3deca868617d63b85ea91c8fb094ef0772","local":"/tmp/.tmpfUwBy4/torch-versions/.torch-catalog-fixture/023c61cbc1c8549186108147889d1e3deca868617d63b85ea91c8fb094ef0772/branch-2-py3-none-any.whl","name":"branch","repository":"pypi","requires_python_hint":null,"sha256":"1be044012053f92d2d8b7bfe36b748bf01988f91194ef90a4720a2dca8905e22","size":853,"url":"https://files.pythonhosted.org/packages/branch-2-py3-none-any.whl","version":"2","yanked":false},{"filename":"dependency-2-py3-none-any.whl","id":"9579c33c3471ed68eb95a508dff912bd519d88daf78e68054a1b85f66a02d454","local":"/tmp/.tmpfUwBy4/torch-versions/.torch-catalog-fixture/9579c33c3471ed68eb95a508dff912bd519d88daf78e68054a1b85f66a02d454/dependency-2-py3-none-any.whl","name":"dependency","repository":"pypi","requires_python_hint":null,"sha256":"8fb0a84da420b5248b66cabd4c3b117ebd36780da26483b272ad1594d8627d6e","size":859,"url":"https://files.pythonhosted.org/packages/dependency-2-py3-none-any.whl","version":"2","yanked":false},{"filename":"torch-2.14.0+cpu-py3-none-any.whl","id":"d339174af26ddff7b30a0fbd804adcd6456f2d5cfbb335d6ef0525f08318e028","local":"/tmp/.tmpfUwBy4/torch-versions/.torch-catalog-fixture/d339174af26ddff7b30a0fbd804adcd6456f2d5cfbb335d6ef0525f08318e028/torch-2.14.0+cpu-py3-none-any.whl","name":"torch","repository":"pytorch","requires_python_hint":null,"sha256":"9b70a20fac73cae55f4dccf876ccc25e4d2c4a1ab88a27662435a39ef83ccddf","size":1183,"url":"https://download.pytorch.org/whl/cpu/torch-2.14.0+cpu-py3-none-any.whl","version":"2.14.0+cpu","yanked":false}],"target_observation_sha256":"bc3e23a30d3c0c2750e047da342d0467447c66700f72a83120b94ce5bb186f94"}
reconciliation control mutated-marker: actual_install_probe=true unchanged_catalog=true original_marker_bytes=239
selected lifecycle control Reconcile("mutated-marker"): actual_probe=true catalog_receipt_unchanged=true publication_custody_checked=true
catalog control Lifecycle(Reconcile("mutated-marker")): requests=5 complete=true publication_controlled=true cleanup_drained=true
selected packet: {"catalog_sha256":"caf6a85fcf239ef386a47773eb627d457a94740ba100e8284e8fc4f45f6fcc10","extras":{"branch":[],"dependency":[],"torch":[]},"lock_sha256":"a0802cca7c8f4806ed659bb1b29072ff0a019229be35c597bfbe93d88514cb93","projection_sha256":"d5042e8bce4323be0287c4f8dde3f77f5dabe15ab87f8fbb5944a1566d5fc4ec","qualified_solver":{"kind":"uv","sha256":"abdc39eab8b4ad341dca91f3823a23a343fae94bdb22ebdd9e91694415206f2f","version":"0.12.23"},"request_sha256":"ecf8f9f169065d82fe34b3e5f170d1d570b9f6d656b6a3b1204b96ebbf7f426f","schema":"pumas.selected-wheel-packet.v1","selected":[{"filename":"branch-2-py3-none-any.whl","id":"003346da3416bdaabb58ab5fb4db29fe4f4d28602d8ea9a2887e5c84c9cec4c0","local":"/tmp/.tmpW45J6V/torch-versions/.torch-catalog-fixture/003346da3416bdaabb58ab5fb4db29fe4f4d28602d8ea9a2887e5c84c9cec4c0/branch-2-py3-none-any.whl","name":"branch","repository":"pypi","requires_python_hint":null,"sha256":"e30fd61319d6b24854a107c11ba266231781601b5c90723562e82e653b21377d","size":853,"url":"https://files.pythonhosted.org/packages/branch-2-py3-none-any.whl","version":"2","yanked":false},{"filename":"dependency-2-py3-none-any.whl","id":"a49e56aa6917aaff6a05489da857b3b32e845fc999bdcaf61a4120f505608a06","local":"/tmp/.tmpW45J6V/torch-versions/.torch-catalog-fixture/a49e56aa6917aaff6a05489da857b3b32e845fc999bdcaf61a4120f505608a06/dependency-2-py3-none-any.whl","name":"dependency","repository":"pypi","requires_python_hint":null,"sha256":"bcdd1fb9d1f3bfbf47e53be6a3d65cfb4c580e4a7f00386116b93c3a5728605c","size":859,"url":"https://files.pythonhosted.org/packages/dependency-2-py3-none-any.whl","version":"2","yanked":false},{"filename":"torch-2.14.0+cpu-py3-none-any.whl","id":"6639afa61650af330498e8671b68f5ab70d3a7c158a9d2d013ba053645ef5fbc","local":"/tmp/.tmpW45J6V/torch-versions/.torch-catalog-fixture/6639afa61650af330498e8671b68f5ab70d3a7c158a9d2d013ba053645ef5fbc/torch-2.14.0+cpu-py3-none-any.whl","name":"torch","repository":"pytorch","requires_python_hint":null,"sha256":"abe4a4b0d41b9648a0a804d8f1ac5c846a0c4c5af3009712e9231af357031738","size":1183,"url":"https://download.pytorch.org/whl/cpu/torch-2.14.0+cpu-py3-none-any.whl","version":"2.14.0+cpu","yanked":false}],"target_observation_sha256":"f42e1056051639c1cf542a4287d333689d64e07fd63acee724a48a7eb634afaf"}
reconciliation control missing-record: actual_install_probe=true unchanged_catalog=true original_marker_bytes=239
selected lifecycle control Reconcile("missing-record"): actual_probe=true catalog_receipt_unchanged=true publication_custody_checked=true
catalog control Lifecycle(Reconcile("missing-record")): requests=5 complete=true publication_controlled=true cleanup_drained=true
selected packet: {"catalog_sha256":"95c57e81772d4de60c26a36c1cec1398bfef7e1921aa82ebdf81494d43003c99","extras":{"branch":[],"dependency":[],"torch":[]},"lock_sha256":"5d0b9fe420addc039e09082635523152c0182fa15c36758aaff3ca8d749ea964","projection_sha256":"5192b94e02fd0325a7fc17192c75ec7f5d972083fd28a07c1bdea4fd0635a5a5","qualified_solver":{"kind":"uv","sha256":"abdc39eab8b4ad341dca91f3823a23a343fae94bdb22ebdd9e91694415206f2f","version":"0.12.23"},"request_sha256":"b406affdfc12dcd3421dad09e1b45a466a231aaa9a94493809ccaedab2e3c735","schema":"pumas.selected-wheel-packet.v1","selected":[{"filename":"branch-2-py3-none-any.whl","id":"820fb35c155c82cc9e2c94e59917135e6eb5a4fc4e9e00743eaac75f45ae51d0","local":"/tmp/.tmpZz8aK6/torch-versions/.torch-catalog-fixture/820fb35c155c82cc9e2c94e59917135e6eb5a4fc4e9e00743eaac75f45ae51d0/branch-2-py3-none-any.whl","name":"branch","repository":"pypi","requires_python_hint":null,"sha256":"155a94771e4edb705dfc5cb5cea6dd66a84d5f9d8ea20d0b143982270e983ff5","size":853,"url":"https://files.pythonhosted.org/packages/branch-2-py3-none-any.whl","version":"2","yanked":false},{"filename":"dependency-2-py3-none-any.whl","id":"ffa7c9cbc237f4053166d93b0b8c03a82efb6606cb9c82adf3a45150f7f92c09","local":"/tmp/.tmpZz8aK6/torch-versions/.torch-catalog-fixture/ffa7c9cbc237f4053166d93b0b8c03a82efb6606cb9c82adf3a45150f7f92c09/dependency-2-py3-none-any.whl","name":"dependency","repository":"pypi","requires_python_hint":null,"sha256":"533d9a9348377b64ca4f5a61b78497d45e835d9124239862d7d40645cffa46c7","size":859,"url":"https://files.pythonhosted.org/packages/dependency-2-py3-none-any.whl","version":"2","yanked":false},{"filename":"torch-2.14.0+cpu-py3-none-any.whl","id":"05e8cf9ed71acf8cc7dbb9b56a81339e1b8a1bba2fb11388f97aaf145c051558","local":"/tmp/.tmpZz8aK6/torch-versions/.torch-catalog-fixture/05e8cf9ed71acf8cc7dbb9b56a81339e1b8a1bba2fb11388f97aaf145c051558/torch-2.14.0+cpu-py3-none-any.whl","name":"torch","repository":"pytorch","requires_python_hint":null,"sha256":"92618df464226da5221c7e297a3277102141f4853c6bab4fdb0c9fe76318cb1a","size":1183,"url":"https://download.pytorch.org/whl/cpu/torch-2.14.0+cpu-py3-none-any.whl","version":"2.14.0+cpu","yanked":false}],"target_observation_sha256":"b50359ebaa3a5b0176176e745d364a81d1bde502bf66dfb9ff91389995335336"}
reconciliation control mutated-record: actual_install_probe=true unchanged_catalog=true original_marker_bytes=239
selected lifecycle control Reconcile("mutated-record"): actual_probe=true catalog_receipt_unchanged=true publication_custody_checked=true
catalog control Lifecycle(Reconcile("mutated-record")): requests=5 complete=true publication_controlled=true cleanup_drained=true
selected packet: {"catalog_sha256":"c0fb26a66c7f041c04356810b455a40d4b01d1de73a39dc91754f479701e38ba","extras":{"branch":[],"dependency":[],"torch":[]},"lock_sha256":"656316d4e6b818ee1f35a7ee6b650725c2420a381509b4a527a9b3d36d17e06a","projection_sha256":"d7361167bbd9f1444eee8bcdd167a3c08e89b1ae0cc35ffbffdd583bbf9bc4d8","qualified_solver":{"kind":"uv","sha256":"abdc39eab8b4ad341dca91f3823a23a343fae94bdb22ebdd9e91694415206f2f","version":"0.12.23"},"request_sha256":"0af7f975cacd18de0dd66191fa767faeeff5f45414ec04ca5130785c30760f6f","schema":"pumas.selected-wheel-packet.v1","selected":[{"filename":"branch-2-py3-none-any.whl","id":"d19bf3086a0bbcd727fad016fd2f69d624d85ac38e8d3f0631387361884cf13c","local":"/tmp/.tmp57PaQ8/torch-versions/.torch-catalog-fixture/d19bf3086a0bbcd727fad016fd2f69d624d85ac38e8d3f0631387361884cf13c/branch-2-py3-none-any.whl","name":"branch","repository":"pypi","requires_python_hint":null,"sha256":"bdb0b7ac23c5db13f40948010c13b55de66debd42167334788f1156458086686","size":853,"url":"https://files.pythonhosted.org/packages/branch-2-py3-none-any.whl","version":"2","yanked":false},{"filename":"dependency-2-py3-none-any.whl","id":"66d4b3ebecbb140af267772210885fd9f8191d6a90e2b6984d5e8225ba84dc7d","local":"/tmp/.tmp57PaQ8/torch-versions/.torch-catalog-fixture/66d4b3ebecbb140af267772210885fd9f8191d6a90e2b6984d5e8225ba84dc7d/dependency-2-py3-none-any.whl","name":"dependency","repository":"pypi","requires_python_hint":null,"sha256":"f53c0dade03fe0a6724c8ae2c30156a75c8adb6b526c0da52d582c55dd615ae1","size":859,"url":"https://files.pythonhosted.org/packages/dependency-2-py3-none-any.whl","version":"2","yanked":false},{"filename":"torch-2.14.0+cpu-py3-none-any.whl","id":"a4d7e86b2bdf059505d9bbb11138f6fe5ed56b4abd2a8a6f6ce5061be366b18c","local":"/tmp/.tmp57PaQ8/torch-versions/.torch-catalog-fixture/a4d7e86b2bdf059505d9bbb11138f6fe5ed56b4abd2a8a6f6ce5061be366b18c/torch-2.14.0+cpu-py3-none-any.whl","name":"torch","repository":"pytorch","requires_python_hint":null,"sha256":"0c269b94aae3e626c8dea8358083ba49c3f5fec608788a2f137deef33f5321bc","size":1183,"url":"https://download.pytorch.org/whl/cpu/torch-2.14.0+cpu-py3-none-any.whl","version":"2.14.0+cpu","yanked":false}],"target_observation_sha256":"634ad89d4361b415c8b180c31f33ad7a0d1507d365c2df742019aa9be80e5260"}
reconciliation control mutated-member: actual_install_probe=true unchanged_catalog=true original_marker_bytes=239
selected lifecycle control Reconcile("mutated-member"): actual_probe=true catalog_receipt_unchanged=true publication_custody_checked=true
catalog control Lifecycle(Reconcile("mutated-member")): requests=5 complete=true publication_controlled=true cleanup_drained=true
selected packet: {"catalog_sha256":"2858d19407f8dd7ad96dabe98e5bdedd26409f81b18af7d77f774561b2505780","extras":{"branch":[],"dependency":[],"torch":[]},"lock_sha256":"f4ae6a49c26fcbe2a2ae7999f8e273a9f574aeeecf7702871205e41e32f2aa77","projection_sha256":"09a4a75f59b2cf32a5fb8edc787a5601efaa2be2fa0b026b0aceca2eb14f4b8a","qualified_solver":{"kind":"uv","sha256":"abdc39eab8b4ad341dca91f3823a23a343fae94bdb22ebdd9e91694415206f2f","version":"0.12.23"},"request_sha256":"be9e3195e046d96542ebd885622742ad0bf8fbd4d09d3fdf8a35209b9d97b3d0","schema":"pumas.selected-wheel-packet.v1","selected":[{"filename":"branch-2-py3-none-any.whl","id":"7b5004712b2e0f315be3d68d00cab10e3c0b8286e488d4de797ffd9ac2274959","local":"/tmp/.tmpQnqiC7/torch-versions/.torch-catalog-fixture/7b5004712b2e0f315be3d68d00cab10e3c0b8286e488d4de797ffd9ac2274959/branch-2-py3-none-any.whl","name":"branch","repository":"pypi","requires_python_hint":null,"sha256":"068ac6802467ba7c229ebb4b672c67d9b3501e1951599dc202873af417fe7aef","size":853,"url":"https://files.pythonhosted.org/packages/branch-2-py3-none-any.whl","version":"2","yanked":false},{"filename":"dependency-2-py3-none-any.whl","id":"d2243873c792d5b7148262b1dace0b5f364bd05277ee7dd4c7960c5b8d46e9bb","local":"/tmp/.tmpQnqiC7/torch-versions/.torch-catalog-fixture/d2243873c792d5b7148262b1dace0b5f364bd05277ee7dd4c7960c5b8d46e9bb/dependency-2-py3-none-any.whl","name":"dependency","repository":"pypi","requires_python_hint":null,"sha256":"f348d127b888ea1dadb9924762d9f32d5b8a54df50370dbb8c0cffa1069c0943","size":859,"url":"https://files.pythonhosted.org/packages/dependency-2-py3-none-any.whl","version":"2","yanked":false},{"filename":"torch-2.14.0+cpu-py3-none-any.whl","id":"8c29347861a4b1f1051a487661326f0ff26973dee5dec785af5fd9846850c938","local":"/tmp/.tmpQnqiC7/torch-versions/.torch-catalog-fixture/8c29347861a4b1f1051a487661326f0ff26973dee5dec785af5fd9846850c938/torch-2.14.0+cpu-py3-none-any.whl","name":"torch","repository":"pytorch","requires_python_hint":null,"sha256":"d7214655d04bc95081129e4874401d12dc1ce04c7a6ebe9b19835819820ff7e1","size":1183,"url":"https://download.pytorch.org/whl/cpu/torch-2.14.0+cpu-py3-none-any.whl","version":"2.14.0+cpu","yanked":false}],"target_observation_sha256":"33967fa079d81afc56afe95c6a7bdfe1ae75f12fb1d6591b0a6e6eb65ec2f736"}
reconciliation control missing-directory: actual_install_probe=true unchanged_catalog=true original_marker_bytes=239
selected lifecycle control Reconcile("missing-directory"): actual_probe=true catalog_receipt_unchanged=true publication_custody_checked=true
catalog control Lifecycle(Reconcile("missing-directory")): requests=5 complete=true publication_controlled=true cleanup_drained=true
selected packet: {"catalog_sha256":"5f56b0de1e5acaadc3c20753d8bb04bbbb28573e9570a2b1dc942f0926a5cd05","extras":{"branch":[],"dependency":[],"torch":[]},"lock_sha256":"e48fa987b46850a9ab560296e52a03848ff8f5ee77f4428543660db25147e20c","projection_sha256":"a237c0c9034303a0fb15f0a67b76d4d3ba053906f3eb009dae184661598fcf00","qualified_solver":{"kind":"uv","sha256":"abdc39eab8b4ad341dca91f3823a23a343fae94bdb22ebdd9e91694415206f2f","version":"0.12.23"},"request_sha256":"658ec5fdc2e9585798c991d9d1a7ee08e09d6e4c0ae25e52781eda96e1d66849","schema":"pumas.selected-wheel-packet.v1","selected":[{"filename":"branch-2-py3-none-any.whl","id":"508773b7102b585312eb6bf7ce6363edbfd04c28b181beee774ac328eba716bc","local":"/tmp/.tmp8lQ6Lx/torch-versions/.torch-catalog-fixture/508773b7102b585312eb6bf7ce6363edbfd04c28b181beee774ac328eba716bc/branch-2-py3-none-any.whl","name":"branch","repository":"pypi","requires_python_hint":null,"sha256":"5bb98ccee8ff3027ecb88986c92c20d8c15759716e44c4c9ee771a54521737e6","size":853,"url":"https://files.pythonhosted.org/packages/branch-2-py3-none-any.whl","version":"2","yanked":false},{"filename":"dependency-2-py3-none-any.whl","id":"d93451264a78267964eedb38e29a148cd5f65c47bd62eafb96f8c3f14312b3af","local":"/tmp/.tmp8lQ6Lx/torch-versions/.torch-catalog-fixture/d93451264a78267964eedb38e29a148cd5f65c47bd62eafb96f8c3f14312b3af/dependency-2-py3-none-any.whl","name":"dependency","repository":"pypi","requires_python_hint":null,"sha256":"e5775905d02549ae713d66e332e8b778cc0dd5cdd389921a47b5316de4ddeec9","size":859,"url":"https://files.pythonhosted.org/packages/dependency-2-py3-none-any.whl","version":"2","yanked":false},{"filename":"torch-2.14.0+cpu-py3-none-any.whl","id":"650cf5ea0b1facc8bc44dd2ae7190f3465d1dc44786e836492ee5d3c6994a8ba","local":"/tmp/.tmp8lQ6Lx/torch-versions/.torch-catalog-fixture/650cf5ea0b1facc8bc44dd2ae7190f3465d1dc44786e836492ee5d3c6994a8ba/torch-2.14.0+cpu-py3-none-any.whl","name":"torch","repository":"pytorch","requires_python_hint":null,"sha256":"96734dfa1ca889248d197a00d5826ca0606556dcea0c1a2d87bd5678a58e9b08","size":1183,"url":"https://download.pytorch.org/whl/cpu/torch-2.14.0+cpu-py3-none-any.whl","version":"2.14.0+cpu","yanked":false}],"target_observation_sha256":"b07470017baa676bfa1428ff38d7ca9bd5c7e935051fa0bf31cdcdf73234f470"}
reconciliation control foreign-directory: actual_install_probe=true unchanged_catalog=true original_marker_bytes=239
selected lifecycle control Reconcile("foreign-directory"): actual_probe=true catalog_receipt_unchanged=true publication_custody_checked=true
catalog control Lifecycle(Reconcile("foreign-directory")): requests=5 complete=true publication_controlled=true cleanup_drained=true
selected packet: {"catalog_sha256":"f1aeec3635c1a439968c005483e0a231eaa9a1c6a00fb9314ba7fe1c06746497","extras":{"branch":[],"dependency":[],"torch":[]},"lock_sha256":"05254ce5fa99bb2f392025c52c55108919df8002fa5aa4ed1819d479377d2ba1","projection_sha256":"4a635aee65aa1b324aaeaa62efbf080ddd9be4498f8bae743c9e312bd6e7d467","qualified_solver":{"kind":"uv","sha256":"abdc39eab8b4ad341dca91f3823a23a343fae94bdb22ebdd9e91694415206f2f","version":"0.12.23"},"request_sha256":"289115e0f871143369b30b707a614444f1e17f98927bd922c678f3cb92660035","schema":"pumas.selected-wheel-packet.v1","selected":[{"filename":"branch-2-py3-none-any.whl","id":"01bef9c162dc48e006d8cefc040ebbe5ee281795b439428d6be3320e7b9b8f31","local":"/tmp/.tmpFO7NGi/torch-versions/.torch-catalog-fixture/01bef9c162dc48e006d8cefc040ebbe5ee281795b439428d6be3320e7b9b8f31/branch-2-py3-none-any.whl","name":"branch","repository":"pypi","requires_python_hint":null,"sha256":"e8aba546d80819e1a0fdb905bb1af2fa2e7ad4d67d3f5a76539a993a069118f5","size":853,"url":"https://files.pythonhosted.org/packages/branch-2-py3-none-any.whl","version":"2","yanked":false},{"filename":"dependency-2-py3-none-any.whl","id":"617915010f1bc8056ebdd61e38fa42ebf87fa2fb84db5e6e346cf962fc51f5ea","local":"/tmp/.tmpFO7NGi/torch-versions/.torch-catalog-fixture/617915010f1bc8056ebdd61e38fa42ebf87fa2fb84db5e6e346cf962fc51f5ea/dependency-2-py3-none-any.whl","name":"dependency","repository":"pypi","requires_python_hint":null,"sha256":"d51eef2d01c5cd86ea6c05c77719374368304352cf97738b6356002889e43b5c","size":859,"url":"https://files.pythonhosted.org/packages/dependency-2-py3-none-any.whl","version":"2","yanked":false},{"filename":"torch-2.14.0+cpu-py3-none-any.whl","id":"610988404fd10c9294ee6fcd364e31129710770bbb8c8eaf81de38b8135de1ab","local":"/tmp/.tmpFO7NGi/torch-versions/.torch-catalog-fixture/610988404fd10c9294ee6fcd364e31129710770bbb8c8eaf81de38b8135de1ab/torch-2.14.0+cpu-py3-none-any.whl","name":"torch","repository":"pytorch","requires_python_hint":null,"sha256":"1132bd17ab70bc1c33f9c2a9873c0ae0037f7bd6c0d78ed9eeb487a19f63db84","size":1183,"url":"https://download.pytorch.org/whl/cpu/torch-2.14.0+cpu-py3-none-any.whl","version":"2.14.0+cpu","yanked":false}],"target_observation_sha256":"747aafaa5afe3553c604fcd98f3d564464244f6480f148a2ba94b76c67c9986c"}
reconciliation control foreign-metadata: actual_install_probe=true unchanged_catalog=true original_marker_bytes=239
selected lifecycle control Reconcile("foreign-metadata"): actual_probe=true catalog_receipt_unchanged=true publication_custody_checked=true
catalog control Lifecycle(Reconcile("foreign-metadata")): requests=5 complete=true publication_controlled=true cleanup_drained=true
selected packet: {"catalog_sha256":"0a13fd04d4a9c4dd2d89e0da3baee6e21022ee9b4a5092318ca48af51b228c74","extras":{"branch":[],"dependency":[],"torch":[]},"lock_sha256":"532d2337e638995ee1c39e365211f956fd786758767abec675322fce2d71a701","projection_sha256":"d31aed2c77921445a70f7c2707029ee796c09c33edd8aaf4bcb3351e33cfc7eb","qualified_solver":{"kind":"uv","sha256":"abdc39eab8b4ad341dca91f3823a23a343fae94bdb22ebdd9e91694415206f2f","version":"0.12.23"},"request_sha256":"4dca9c13825af9ce344f0804bb9bc1f9f5f850d6b5b64d04372cffb667c1fba6","schema":"pumas.selected-wheel-packet.v1","selected":[{"filename":"branch-2-py3-none-any.whl","id":"ea4e82fd78c6b2d1d744ee9c4816253eaaac78b8bbf4fd811b29cad1e95a92dd","local":"/tmp/.tmp5oN9Fn/torch-versions/.torch-catalog-fixture/ea4e82fd78c6b2d1d744ee9c4816253eaaac78b8bbf4fd811b29cad1e95a92dd/branch-2-py3-none-any.whl","name":"branch","repository":"pypi","requires_python_hint":null,"sha256":"7b429eb5e43ebb8c32437c32be13efa51d6bd9a68da2f3ac4e46130cca2d1e1d","size":853,"url":"https://files.pythonhosted.org/packages/branch-2-py3-none-any.whl","version":"2","yanked":false},{"filename":"dependency-2-py3-none-any.whl","id":"a9a9f295e1a65e2e4a4a13e456f4257a9ce4a2d54f7dafab409fe1e456559042","local":"/tmp/.tmp5oN9Fn/torch-versions/.torch-catalog-fixture/a9a9f295e1a65e2e4a4a13e456f4257a9ce4a2d54f7dafab409fe1e456559042/dependency-2-py3-none-any.whl","name":"dependency","repository":"pypi","requires_python_hint":null,"sha256":"e396fd2fbd9ec10cdbea170e599d4a3b0cb83e9f896a2ff66c56e93a8c7d6bc3","size":859,"url":"https://files.pythonhosted.org/packages/dependency-2-py3-none-any.whl","version":"2","yanked":false},{"filename":"torch-2.14.0+cpu-py3-none-any.whl","id":"0786bc0ee1194630c3b833365c90b034b86c2d5c64f097f2409e4e4bc60fa058","local":"/tmp/.tmp5oN9Fn/torch-versions/.torch-catalog-fixture/0786bc0ee1194630c3b833365c90b034b86c2d5c64f097f2409e4e4bc60fa058/torch-2.14.0+cpu-py3-none-any.whl","name":"torch","repository":"pytorch","requires_python_hint":null,"sha256":"beb2101d5eaca046929fd1d35819e5cf901c554774a7f2dc4492f2b2edc1040c","size":1183,"url":"https://download.pytorch.org/whl/cpu/torch-2.14.0+cpu-py3-none-any.whl","version":"2.14.0+cpu","yanked":false}],"target_observation_sha256":"160234e5b154e9e98313351aac20745af892ddd3eb0ef7878330b23c6b6e9457"}
reconciliation control rollback-missing-record: actual_install_probe=true unchanged_catalog=true original_marker_bytes=239
selected lifecycle control Reconcile("rollback-missing-record"): actual_probe=true catalog_receipt_unchanged=true publication_custody_checked=true
catalog control Lifecycle(Reconcile("rollback-missing-record")): requests=5 complete=true publication_controlled=true cleanup_drained=true
selected packet: {"catalog_sha256":"98d9a5588cb7a6e2ef226c22247d383ccd6993d4228f4f41e2993523821ffb98","extras":{"branch":[],"dependency":[],"torch":[]},"lock_sha256":"f3fa21a291254b3a9ddd99dbca61acf475f33c6cf1f9041c770fc2f768294fa1","projection_sha256":"3c851a532f56e458baacf75314dd29e565d18aff158077ca8ad8b544e87534e7","qualified_solver":{"kind":"uv","sha256":"abdc39eab8b4ad341dca91f3823a23a343fae94bdb22ebdd9e91694415206f2f","version":"0.12.23"},"request_sha256":"36a614d7fd6c505bd4bf5bca582f3f72f2c6ff415e2225e555f20843777a1a6e","schema":"pumas.selected-wheel-packet.v1","selected":[{"filename":"branch-2-py3-none-any.whl","id":"7a5081f630c9523fe96d9cec4d799bbdb659512bf4c9ead79a55f38c5b5d652b","local":"/tmp/.tmp4rCjVq/torch-versions/.torch-catalog-fixture/7a5081f630c9523fe96d9cec4d799bbdb659512bf4c9ead79a55f38c5b5d652b/branch-2-py3-none-any.whl","name":"branch","repository":"pypi","requires_python_hint":null,"sha256":"b5cb5dfb75f84f1cda2550edf8ad47ae69d90d5b62d1e28e34c93f71becbb802","size":853,"url":"https://files.pythonhosted.org/packages/branch-2-py3-none-any.whl","version":"2","yanked":false},{"filename":"dependency-2-py3-none-any.whl","id":"90cca908fe7cf924cb9af5ac81a1112fef3b97c25c48f91e97531f47aaf5456b","local":"/tmp/.tmp4rCjVq/torch-versions/.torch-catalog-fixture/90cca908fe7cf924cb9af5ac81a1112fef3b97c25c48f91e97531f47aaf5456b/dependency-2-py3-none-any.whl","name":"dependency","repository":"pypi","requires_python_hint":null,"sha256":"a2dc2fc3f643e3860c146e1a8b65de32c3264d42b386ba6d15b194b74ea2f4fc","size":859,"url":"https://files.pythonhosted.org/packages/dependency-2-py3-none-any.whl","version":"2","yanked":false},{"filename":"torch-2.14.0+cpu-py3-none-any.whl","id":"2f8fbc324fce89ed7b190bdf289ba0a8ff874c5fe23e62890ec1b7576863c306","local":"/tmp/.tmp4rCjVq/torch-versions/.torch-catalog-fixture/2f8fbc324fce89ed7b190bdf289ba0a8ff874c5fe23e62890ec1b7576863c306/torch-2.14.0+cpu-py3-none-any.whl","name":"torch","repository":"pytorch","requires_python_hint":null,"sha256":"700c756584de1b02611f82d135fa19c4a4f9e63f40ec798fe8b86f799198f85f","size":1183,"url":"https://download.pytorch.org/whl/cpu/torch-2.14.0+cpu-py3-none-any.whl","version":"2.14.0+cpu","yanked":false}],"target_observation_sha256":"df786e13c34191f8b63acfc80ee0fbc3a22e6937c5670a3d672daac6fa93ef70"}
reconciliation control rollback-mutated-marker: actual_install_probe=true unchanged_catalog=true original_marker_bytes=239
selected lifecycle control Reconcile("rollback-mutated-marker"): actual_probe=true catalog_receipt_unchanged=true publication_custody_checked=true
catalog control Lifecycle(Reconcile("rollback-mutated-marker")): requests=5 complete=true publication_controlled=true cleanup_drained=true
selected packet: {"catalog_sha256":"04f620a0c9c0f479bbd50a2c6766fe10911d8f99f41382f9736092066feabd69","extras":{"branch":[],"dependency":[],"torch":[]},"lock_sha256":"e1a3a15d17ecb57fbc293316867afc58c6cde753e622cc8b9ff686b63736b106","projection_sha256":"e233b9181b13ecefb453f31c713fa871f58cb8e1be34aadbc8e2b86ba6034d79","qualified_solver":{"kind":"uv","sha256":"abdc39eab8b4ad341dca91f3823a23a343fae94bdb22ebdd9e91694415206f2f","version":"0.12.23"},"request_sha256":"48b8d5590cf698e1e541fb0bd8c9095d501e0ea11bd31a572b1454b61d99eb97","schema":"pumas.selected-wheel-packet.v1","selected":[{"filename":"branch-2-py3-none-any.whl","id":"8c5510542a448fda3649e90517af6ecab923cade3d10e8e4f56c1d4b31f30c25","local":"/tmp/.tmpFX8cTF/torch-versions/.torch-catalog-fixture/8c5510542a448fda3649e90517af6ecab923cade3d10e8e4f56c1d4b31f30c25/branch-2-py3-none-any.whl","name":"branch","repository":"pypi","requires_python_hint":null,"sha256":"6165c883015c7cc852366b26da162ef79de9f87670aabba8afae7337b036097e","size":853,"url":"https://files.pythonhosted.org/packages/branch-2-py3-none-any.whl","version":"2","yanked":false},{"filename":"dependency-2-py3-none-any.whl","id":"52454cac0b05d61b48b49d9bdf03d984a2dfe173e481797097f3bf565f6ca739","local":"/tmp/.tmpFX8cTF/torch-versions/.torch-catalog-fixture/52454cac0b05d61b48b49d9bdf03d984a2dfe173e481797097f3bf565f6ca739/dependency-2-py3-none-any.whl","name":"dependency","repository":"pypi","requires_python_hint":null,"sha256":"eb40099717fc3234915ef2e635ff2831865be410314e569adc8e4f01f844aadf","size":859,"url":"https://files.pythonhosted.org/packages/dependency-2-py3-none-any.whl","version":"2","yanked":false},{"filename":"torch-2.14.0+cpu-py3-none-any.whl","id":"41b68a81a6e19c37c0b27dd169315ae3b50acf7b1865fe06962bec64ca0fb5e9","local":"/tmp/.tmpFX8cTF/torch-versions/.torch-catalog-fixture/41b68a81a6e19c37c0b27dd169315ae3b50acf7b1865fe06962bec64ca0fb5e9/torch-2.14.0+cpu-py3-none-any.whl","name":"torch","repository":"pytorch","requires_python_hint":null,"sha256":"b4eeaa0a0c4ba584e39212c6eb58ea2951ea9e913c028068c5cf423603e64cfb","size":1183,"url":"https://download.pytorch.org/whl/cpu/torch-2.14.0+cpu-py3-none-any.whl","version":"2.14.0+cpu","yanked":false}],"target_observation_sha256":"473e8db5cd78e97f575422ee3aeed7b2d603c8fa4c478fbbef0de88161e762f2"}
reconciliation control rollback-missing-directory: actual_install_probe=true unchanged_catalog=true original_marker_bytes=239
selected lifecycle control Reconcile("rollback-missing-directory"): actual_probe=true catalog_receipt_unchanged=true publication_custody_checked=true
catalog control Lifecycle(Reconcile("rollback-missing-directory")): requests=5 complete=true publication_controlled=true cleanup_drained=true
selected packet: {"catalog_sha256":"9fb53d6ce979d2a1867705d49115c451fce63adeb8fb9ec707145de7e34b2946","extras":{"branch":[],"dependency":[],"torch":[]},"lock_sha256":"ae9f37f3d7ce248fd4086484d396c1c8a44ce53a21c1864d3c589f28d492727a","projection_sha256":"553229756fbb2a76efd0831a471c66296fc48845bf8c686d8e064d11de1830ba","qualified_solver":{"kind":"uv","sha256":"abdc39eab8b4ad341dca91f3823a23a343fae94bdb22ebdd9e91694415206f2f","version":"0.12.23"},"request_sha256":"4ea0369cd8f53353063db7cf0a541742e347fdc75169499f7229ef117d7b419f","schema":"pumas.selected-wheel-packet.v1","selected":[{"filename":"branch-2-py3-none-any.whl","id":"783f4551d235bc38de990b169f8d8322c5ff2df21806542e418e00018d1aee02","local":"/tmp/.tmpKkEW28/torch-versions/.torch-catalog-fixture/783f4551d235bc38de990b169f8d8322c5ff2df21806542e418e00018d1aee02/branch-2-py3-none-any.whl","name":"branch","repository":"pypi","requires_python_hint":null,"sha256":"44853403364622408dd023254a96fc233283dafe3fa4b549308108c23157d469","size":853,"url":"https://files.pythonhosted.org/packages/branch-2-py3-none-any.whl","version":"2","yanked":false},{"filename":"dependency-2-py3-none-any.whl","id":"e5e24312923e1e7ccb31c577abc3322974eb49df523344e3990791482d9e9f44","local":"/tmp/.tmpKkEW28/torch-versions/.torch-catalog-fixture/e5e24312923e1e7ccb31c577abc3322974eb49df523344e3990791482d9e9f44/dependency-2-py3-none-any.whl","name":"dependency","repository":"pypi","requires_python_hint":null,"sha256":"348f28f95d98d990ae4069517c8d3bd355359fc0935904dab54f083283ab5371","size":859,"url":"https://files.pythonhosted.org/packages/dependency-2-py3-none-any.whl","version":"2","yanked":false},{"filename":"torch-2.14.0+cpu-py3-none-any.whl","id":"464c52b49d6757d96507960c96b73a8e7e9dd0bf471987083bf081281c0c5560","local":"/tmp/.tmpKkEW28/torch-versions/.torch-catalog-fixture/464c52b49d6757d96507960c96b73a8e7e9dd0bf471987083bf081281c0c5560/torch-2.14.0+cpu-py3-none-any.whl","name":"torch","repository":"pytorch","requires_python_hint":null,"sha256":"4de35b674cdc4cde6c270300b7e0384db56c3329df1fc53651eaab384e560474","size":1183,"url":"https://download.pytorch.org/whl/cpu/torch-2.14.0+cpu-py3-none-any.whl","version":"2.14.0+cpu","yanked":false}],"target_observation_sha256":"7d7303e767d2ddbf450a5aeb9e5bcfb462d34b19283401914300257f74f5ab04"}
reconciliation control rollback-missing-marker: actual_install_probe=true unchanged_catalog=true original_marker_bytes=239
selected lifecycle control Reconcile("rollback-missing-marker"): actual_probe=true catalog_receipt_unchanged=true publication_custody_checked=true
catalog control Lifecycle(Reconcile("rollback-missing-marker")): requests=5 complete=true publication_controlled=true cleanup_drained=true
selected packet: {"catalog_sha256":"f7f03fea03f29855fcc64e0e550ec8c2fcfa3e7b0f7c09b8ceb262f6ca48fc56","extras":{"branch":[],"dependency":[],"torch":[]},"lock_sha256":"2f5526bab9cf7cba1edcb4fd02d722525a366a298087c94946b56e3d42cbccb0","projection_sha256":"a0419fff22f66f5346e1d0e1a9f888e8f5b089e755dd363e2eec4ad022c08de2","qualified_solver":{"kind":"uv","sha256":"abdc39eab8b4ad341dca91f3823a23a343fae94bdb22ebdd9e91694415206f2f","version":"0.12.23"},"request_sha256":"b2d2abd932627212854e3c59969a7dd5ba8d86c3270d43ed9b2af32db60e54b1","schema":"pumas.selected-wheel-packet.v1","selected":[{"filename":"branch-2-py3-none-any.whl","id":"111d33cd66ae74707b5c937534238c08c9693abf0b769366621beac3e09b948c","local":"/tmp/.tmpZoXmlp/torch-versions/.torch-catalog-fixture/111d33cd66ae74707b5c937534238c08c9693abf0b769366621beac3e09b948c/branch-2-py3-none-any.whl","name":"branch","repository":"pypi","requires_python_hint":null,"sha256":"0bfc31891d243bc0e717b588df99c4af357b4c0537eb3f968623cb6ac5e96f05","size":853,"url":"https://files.pythonhosted.org/packages/branch-2-py3-none-any.whl","version":"2","yanked":false},{"filename":"dependency-2-py3-none-any.whl","id":"7ff2655e2e75b50f8139dc62daf91f608ddd8c6621bd45af7148de42fd8fbc38","local":"/tmp/.tmpZoXmlp/torch-versions/.torch-catalog-fixture/7ff2655e2e75b50f8139dc62daf91f608ddd8c6621bd45af7148de42fd8fbc38/dependency-2-py3-none-any.whl","name":"dependency","repository":"pypi","requires_python_hint":null,"sha256":"6504209638ccfdb7e013ebff85cd8d010b1b437b3f4c2a7b1f1dfe91c3afc3a3","size":859,"url":"https://files.pythonhosted.org/packages/dependency-2-py3-none-any.whl","version":"2","yanked":false},{"filename":"torch-2.14.0+cpu-py3-none-any.whl","id":"4597212b76c7d9c403de536ee47a55c7893fa58c556bedafe784ff826125ddee","local":"/tmp/.tmpZoXmlp/torch-versions/.torch-catalog-fixture/4597212b76c7d9c403de536ee47a55c7893fa58c556bedafe784ff826125ddee/torch-2.14.0+cpu-py3-none-any.whl","name":"torch","repository":"pytorch","requires_python_hint":null,"sha256":"fd6983ec9a3371a3faf255bd03629978b81574fd8885ad1ec31c7cfd40a9275c","size":1183,"url":"https://download.pytorch.org/whl/cpu/torch-2.14.0+cpu-py3-none-any.whl","version":"2.14.0+cpu","yanked":false}],"target_observation_sha256":"7b732fb71c61423c85635affa414c110603ad535b6c9aaae5f0a87d0563f90e7"}
reconciliation control missing-metadata: actual_install_probe=true unchanged_catalog=true original_marker_bytes=239
selected lifecycle control Reconcile("missing-metadata"): actual_probe=true catalog_receipt_unchanged=true publication_custody_checked=true
catalog control Lifecycle(Reconcile("missing-metadata")): requests=5 complete=true publication_controlled=true cleanup_drained=true
ok

test result: ok. 10 passed; 0 failed; 0 ignored; 0 measured; 345 filtered out; finished in 1271.10s

